2020 Alphabetical Vessel Statistics by County,,,,,,,,,,,,,,,,,,,,,,,,,,,
County,,Class A-1 - Pleasure,,,,,Total in Class A-1 Pleasure,,,,,,,,Class A-1 - Commercial,,,,,Total in Class A-1 Commercial,,,,,,,
Alachua,,Class A-1 - Pleasure: < than 12',,,,,"1,116",,,,,,,,Class A-1 - Commercial: < than 12',,,,,8,,,,,,,
Baker,,Class A-1 - Pleasure: < than 12',,,,,332,,,,,,,,Class A-1 - Commercial: < than 12',,,,,0,,,,,,,
Bay,,Class A-1 - Pleasure: < than 12',,,,,"2,452",,,,,,,,Class A-1 - Commercial: < than 12',,,,,17,,,,,,,
Bradford,,Class A-1 - Pleasure: < than 12',,,,,297,,,,,,,,Class A-1 - Commercial: < than 12',,,,,2,,,,,,,
Brevard,,Class A-1 - Pleasure: < than 12',,,,,"5,412",,,,,,,,Class A-1 - Commercial: < than 12',,,,,29,,,,,,,
Broward,,Class A-1 - Pleasure: < than 12',,,,,"10,836",,,,,,,,Class A-1 - Commercial: < than 12',,,,,77,,,,,,,
Calhoun,,Class A-1 - Pleasure: < than 12',,,,,113,,,,,,,,Class A-1 - Commercial: < than 12',,,,,0,,,,,,,
Charlotte,,Class A-1 - Pleasure: < than 12',,,,,"3,160",,,,,,,,Class A-1 - Commercial: < than 12',,,,,23,,,,,,,
Citrus,,Class A-1 - Pleasure: < than 12',,,,,"1,456",,,,,,,,Class A-1 - Commercial: < than 12',,,,,8,,,,,,,
Clay,,Class A-1 - Pleasure: < than 12',,,,,"2,407",,,,,,,,Class A-1 - Commercial: < than 12',,,,,2,,,,,,,
Collier,,Class A-1 - Pleasure: < than 12',,,,,"4,257",,,,,,,,Class A-1 - Commercial: < than 12',,,,,16,,,,,,,
Columbia,,Class A-1 - Pleasure: < than 12',,,,,350,,,,,,,,Class A-1 - Commercial: < than 12',,,,,3,,,,,,,
Dade,,Class A-1 - Pleasure: < than 12',,,,,"16,876",,,,,,,,Class A-1 - Commercial: < than 12',,,,,224,,,,,,,
Desoto,,Class A-1 - Pleasure: < than 12',,,,,260,,,,,,,,Class A-1 - Commercial: < than 12',,,,,7,,,,,,,
DHSMV,,Class A-1 - Pleasure: < than 12',,,,,508,,,,,,,,Class A-1 - Commercial: < than 12',,,,,135,,,,,,,
Dixie,,Class A-1 - Pleasure: < than 12',,,,,127,,,,,,,,Class A-1 - Commercial: < than 12',,,,,2,,,,,,,
Duval,,Class A-1 - Pleasure: < than 12',,,,,"5,053",,,,,,,,Class A-1 - Commercial: < than 12',,,,,21,,,,,,,
Escambia,,Class A-1 - Pleasure: < than 12',,,,,"2,594",,,,,,,,Class A-1 - Commercial: < than 12',,,,,11,,,,,,,
Flagler,,Class A-1 - Pleasure: < than 12',,,,,965,,,,,,,,Class A-1 - Commercial: < than 12',,,,,6,,,,,,,
Franklin,,Class A-1 - Pleasure: < than 12',,,,,133,,,,,,,,Class A-1 - Commercial: < than 12',,,,,27,,,,,,,
Gadsden,,Class A-1 - Pleasure: < than 12',,,,,133,,,,,,,,Class A-1 - Commercial: < than 12',,,,,2,,,,,,,
Gilchrist,,Class A-1 - Pleasure: < than 12',,,,,184,,,,,,,,Class A-1 - Commercial: < than 12',,,,,0,,,,,,,
Glades,,Class A-1 - Pleasure: < than 12',,,,,62,,,,,,,,Class A-1 - Commercial: < than 12',,,,,0,,,,,,,
Gulf,,Class A-1 - Pleasure: < than 12',,,,,219,,,,,,,,Class A-1 - Commercial: < than 12',,,,,22,,,,,,,
Hamilton,,Class A-1 - Pleasure: < than 12',,,,,59,,,,,,,,Class A-1 - Commercial: < than 12',,,,,0,,,,,,,
Hardee,,Class A-1 - Pleasure: < than 12',,,,,161,,,,,,,,Class A-1 - Commercial: < than 12',,,,,0,,,,,,,
Hendry,,Class A-1 - Pleasure: < than 12',,,,,434,,,,,,,,Class A-1 - Commercial: < than 12',,,,,4,,,,,,,
Hernando,,Class A-1 - Pleasure: < than 12',,,,,"1,617",,,,,,,,Class A-1 - Commercial: < than 12',,,,,11,,,,,,,
Highlands,,Class A-1 - Pleasure: < than 12',,,,,"1,363",,,,,,,,Class A-1 - Commercial: < than 12',,,,,2,,,,,,,
Hills,,Class A-1 - Pleasure: < than 12',,,,,"7,269",,,,,,,,Class A-1 - Commercial: < than 12',,,,,55,,,,,,,
Holmes,,Class A-1 - Pleasure: < than 12',,,,,145,,,,,,,,Class A-1 - Commercial: < than 12',,,,,0,,,,,,,
Indian River,,Class A-1 - Pleasure: < than 12',,,,,"1,300",,,,,,,,Class A-1 - Commercial: < than 12',,,,,7,,,,,,,
Jackson,,Class A-1 - Pleasure: < than 12',,,,,359,,,,,,,,Class A-1 - Commercial: < than 12',,,,,1,,,,,,,
Jefferson,,Class A-1 - Pleasure: < than 12',,,,,116,,,,,,,,Class A-1 - Commercial: < than 12',,,,,1,,,,,,,
Lafayette,,Class A-1 - Pleasure: < than 12',,,,,82,,,,,,,,Class A-1 - Commercial: < than 12',,,,,0,,,,,,,
Lake,,Class A-1 - Pleasure: < than 12',,,,,"3,195",,,,,,,,Class A-1 - Commercial: < than 12',,,,,1,,,,,,,
Lee,,Class A-1 - Pleasure: < than 12',,,,,"7,011",,,,,,,,Class A-1 - Commercial: < than 12',,,,,61,,,,,,,
County,,Class A-1 - Pleasure,,,,,Total in Class A-1 Pleasure,,,,,,,,Class A-1 - Commercial,,,,,Total in Class A-1 Commercial,,,,,,,
Leon,,Class A-1 - Pleasure: < than 12',,,,,"1,013",,,,,,,,Class A-1 - Commercial: < than 12',,,,,1,,,,,,,
Levy,,Class A-1 - Pleasure: < than 12',,,,,290,,,,,,,,Class A-1 - Commercial: < than 12',,,,,2,,,,,,,
Liberty,,Class A-1 - Pleasure: < than 12',,,,,62,,,,,,,,Class A-1 - Commercial: < than 12',,,,,0,,,,,,,
Madison,,Class A-1 - Pleasure: < than 12',,,,,97,,,,,,,,Class A-1 - Commercial: < than 12',,,,,0,,,,,,,
Manatee,,Class A-1 - Pleasure: < than 12',,,,,"3,408",,,,,,,,Class A-1 - Commercial: < than 12',,,,,36,,,,,,,
Marion,,Class A-1 - Pleasure: < than 12',,,,,"2,747",,,,,,,,Class A-1 - Commercial: < than 12',,,,,5,,,,,,,
Martin,,Class A-1 - Pleasure: < than 12',,,,,"2,170",,,,,,,,Class A-1 - Commercial: < than 12',,,,,18,,,,,,,
Monroe,,Class A-1 - Pleasure: < than 12',,,,,"3,831",,,,,,,,Class A-1 - Commercial: < than 12',,,,,31,,,,,,,
Nassau,,Class A-1 - Pleasure: < than 12',,,,,904,,,,,,,,Class A-1 - Commercial: < than 12',,,,,4,,,,,,,
Okaloosa,,Class A-1 - Pleasure: < than 12',,,,,"4,008",,,,,,,,Class A-1 - Commercial: < than 12',,,,,26,,,,,,,
Okeechoee,,Class A-1 - Pleasure: < than 12',,,,,377,,,,,,,,Class A-1 - Commercial: < than 12',,,,,4,,,,,,,
Orange,,Class A-1 - Pleasure: < than 12',,,,,"9,451",,,,,,,,Class A-1 - Commercial: < than 12',,,,,49,,,,,,,
Osceola,,Class A-1 - Pleasure: < than 12',,,,,"2,461",,,,,,,,Class A-1 - Commercial: < than 12',,,,,2,,,,,,,
Palm Beach,,Class A-1 - Pleasure: < than 12',,,,,"6,932",,,,,,,,Class A-1 - Commercial: < than 12',,,,,51,,,,,,,
Pasco,,Class A-1 - Pleasure: < than 12',,,,,"5,294",,,,,,,,Class A-1 - Commercial: < than 12',,,,,14,,,,,,,
Pinellas,,Class A-1 - Pleasure: < than 12',,,,,"11,341",,,,,,,,Class A-1 - Commercial: < than 12',,,,,66,,,,,,,
Polk,,Class A-1 - Pleasure: < than 12',,,,,"4,601",,,,,,,,Class A-1 - Commercial: < than 12',,,,,11,,,,,,,
Putnam,,Class A-1 - Pleasure: < than 12',,,,,779,,,,,,,,Class A-1 - Commercial: < than 12',,,,,12,,,,,,,
Santa Rosa,,Class A-1 - Pleasure: < than 12',,,,,"2,698",,,,,,,,Class A-1 - Commercial: < than 12',,,,,17,,,,,,,
Sarasota,,Class A-1 - Pleasure: < than 12',,,,,"3,060",,,,,,,,Class A-1 - Commercial: < than 12',,,,,23,,,,,,,
Seminole,,Class A-1 - Pleasure: < than 12',,,,,"3,441",,,,,,,,Class A-1 - Commercial: < than 12',,,,,16,,,,,,,
St. Johns,,Class A-1 - Pleasure: < than 12',,,,,"2,418",,,,,,,,Class A-1 - Commercial: < than 12',,,,,18,,,,,,,
St. Lucie,,Class A-1 - Pleasure: < than 12',,,,,"1,920",,,,,,,,Class A-1 - Commercial: < than 12',,,,,6,,,,,,,
Sumter,,Class A-1 - Pleasure: < than 12',,,,,463,,,,,,,,Class A-1 - Commercial: < than 12',,,,,1,,,,,,,
Suwannee,,Class A-1 - Pleasure: < than 12',,,,,242,,,,,,,,Class A-1 - Commercial: < than 12',,,,,1,,,,,,,
Taylor,,Class A-1 - Pleasure: < than 12',,,,,157,,,,,,,,Class A-1 - Commercial: < than 12',,,,,2,,,,,,,
Union,,Class A-1 - Pleasure: < than 12',,,,,69,,,,,,,,Class A-1 - Commercial: < than 12',,,,,1,,,,,,,
Volusia,,Class A-1 - Pleasure: < than 12',,,,,"4,039",,,,,,,,Class A-1 - Commercial: < than 12',,,,,28,,,,,,,
Wakulla,,Class A-1 - Pleasure: < than 12',,,,,296,,,,,,,,Class A-1 - Commercial: < than 12',,,,,12,,,,,,,
Walton,,Class A-1 - Pleasure: < than 12',,,,,968,,,,,,,,Class A-1 - Commercial: < than 12',,,,,5,,,,,,,
Washington,,Class A-1 - Pleasure: < than 12',,,,,283,,,,,,,,Class A-1 - Commercial: < than 12',,,,,1,,,,,,,
County,,Class A-2 - Pleasure,,,,,,"Total in Class A-2
- Pleasure",,,,,Class A-2 - Commercial,,,,,,,Total in Class A-2 - Commercial,,,,,,,
Alachua,,"Class A-2 - Pleasure: 12 - 15' 11""",,,,,,"2,548",,,,,"Class A-2 - Commercial: 12 - 15' 11""",,,,,,,59,,,,,,,
Baker,,"Class A-2 - Pleasure: 12 - 15' 11""",,,,,,877,,,,,"Class A-2 - Commercial: 12 - 15' 11""",,,,,,,2,,,,,,,
Bay,,"Class A-2 - Pleasure: 12 - 15' 11""",,,,,,"3,998",,,,,"Class A-2 - Commercial: 12 - 15' 11""",,,,,,,80,,,,,,,
Bradford,,"Class A-2 - Pleasure: 12 - 15' 11""",,,,,,701,,,,,"Class A-2 - Commercial: 12 - 15' 11""",,,,,,,5,,,,,,,
Brevard,,"Class A-2 - Pleasure: 12 - 15' 11""",,,,,,"6,940",,,,,"Class A-2 - Commercial: 12 - 15' 11""",,,,,,,100,,,,,,,
Broward,,"Class A-2 - Pleasure: 12 - 15' 11""",,,,,,"5,087",,,,,"Class A-2 - Commercial: 12 - 15' 11""",,,,,,,103,,,,,,,
Calhoun,,"Class A-2 - Pleasure: 12 - 15' 11""",,,,,,859,,,,,"Class A-2 - Commercial: 12 - 15' 11""",,,,,,,9,,,,,,,
Charlotte,,"Class A-2 - Pleasure: 12 - 15' 11""",,,,,,"2,505",,,,,"Class A-2 - Commercial: 12 - 15' 11""",,,,,,,35,,,,,,,
Citrus,,"Class A-2 - Pleasure: 12 - 15' 11""",,,,,,"3,932",,,,,"Class A-2 - Commercial: 12 - 15' 11""",,,,,,,40,,,,,,,
Clay,,"Class A-2 - Pleasure: 12 - 15' 11""",,,,,,"2,239",,,,,"Class A-2 - Commercial: 12 - 15' 11""",,,,,,,21,,,,,,,
Collier,,"Class A-2 - Pleasure: 12 - 15' 11""",,,,,,"2,301",,,,,"Class A-2 - Commercial: 12 - 15' 11""",,,,,,,61,,,,,,,
Columbia,,"Class A-2 - Pleasure: 12 - 15' 11""",,,,,,"1,272",,,,,"Class A-2 - Commercial: 12 - 15' 11""",,,,,,,7,,,,,,,
Dade,,"Class A-2 - Pleasure: 12 - 15' 11""",,,,,,"5,784",,,,,"Class A-2 - Commercial: 12 - 15' 11""",,,,,,,173,,,,,,,
Desoto,,"Class A-2 - Pleasure: 12 - 15' 11""",,,,,,730,,,,,"Class A-2 - Commercial: 12 - 15' 11""",,,,,,,15,,,,,,,
DHSMV,,"Class A-2 - Pleasure: 12 - 15' 11""",,,,,,291,,,,,"Class A-2 - Commercial: 12 - 15' 11""",,,,,,,354,,,,,,,
Dixie,,"Class A-2 - Pleasure: 12 - 15' 11""",,,,,,743,,,,,"Class A-2 - Commercial: 12 - 15' 11""",,,,,,,32,,,,,,,
Duval,,"Class A-2 - Pleasure: 12 - 15' 11""",,,,,,"4,931",,,,,"Class A-2 - Commercial: 12 - 15' 11""",,,,,,,86,,,,,,,
Escambia,,"Class A-2 - Pleasure: 12 - 15' 11""",,,,,,"3,427",,,,,"Class A-2 - Commercial: 12 - 15' 11""",,,,,,,20,,,,,,,
Flagler,,"Class A-2 - Pleasure: 12 - 15' 11""",,,,,,"1,189",,,,,"Class A-2 - Commercial: 12 - 15' 11""",,,,,,,27,,,,,,,
Franklin,,"Class A-2 - Pleasure: 12 - 15' 11""",,,,,,645,,,,,"Class A-2 - Commercial: 12 - 15' 11""",,,,,,,125,,,,,,,
Gadsden,,"Class A-2 - Pleasure: 12 - 15' 11""",,,,,,946,,,,,"Class A-2 - Commercial: 12 - 15' 11""",,,,,,,7,,,,,,,
Gilchrist,,"Class A-2 - Pleasure: 12 - 15' 11""",,,,,,599,,,,,"Class A-2 - Commercial: 12 - 15' 11""",,,,,,,3,,,,,,,
Glades,,"Class A-2 - Pleasure: 12 - 15' 11""",,,,,,309,,,,,"Class A-2 - Commercial: 12 - 15' 11""",,,,,,,14,,,,,,,
Gulf,,"Class A-2 - Pleasure: 12 - 15' 11""",,,,,,"1,043",,,,,"Class A-2 - Commercial: 12 - 15' 11""",,,,,,,55,,,,,,,
Hamilton,,"Class A-2 - Pleasure: 12 - 15' 11""",,,,,,374,,,,,"Class A-2 - Commercial: 12 - 15' 11""",,,,,,,1,,,,,,,
Hardee,,"Class A-2 - Pleasure: 12 - 15' 11""",,,,,,530,,,,,"Class A-2 - Commercial: 12 - 15' 11""",,,,,,,4,,,,,,,
Hendry,,"Class A-2 - Pleasure: 12 - 15' 11""",,,,,,689,,,,,"Class A-2 - Commercial: 12 - 15' 11""",,,,,,,13,,,,,,,
Hernando,,"Class A-2 - Pleasure: 12 - 15' 11""",,,,,,"2,491",,,,,"Class A-2 - Commercial: 12 - 15' 11""",,,,,,,30,,,,,,,
Highlands,,"Class A-2 - Pleasure: 12 - 15' 11""",,,,,,"1,953",,,,,"Class A-2 - Commercial: 12 - 15' 11""",,,,,,,18,,,,,,,
Hills,,"Class A-2 - Pleasure: 12 - 15' 11""",,,,,,"6,097",,,,,"Class A-2 - Commercial: 12 - 15' 11""",,,,,,,68,,,,,,,
Holmes,,"Class A-2 - Pleasure: 12 - 15' 11""",,,,,,"1,204",,,,,"Class A-2 - Commercial: 12 - 15' 11""",,,,,,,8,,,,,,,
Indian River,,"Class A-2 - Pleasure: 12 - 15' 11""",,,,,,"2,288",,,,,"Class A-2 - Commercial: 12 - 15' 11""",,,,,,,64,,,,,,,
Jackson,,"Class A-2 - Pleasure: 12 - 15' 11""",,,,,,"1,816",,,,,"Class A-2 - Commercial: 12 - 15' 11""",,,,,,,5,,,,,,,
Jefferson,,"Class A-2 - Pleasure: 12 - 15' 11""",,,,,,683,,,,,"Class A-2 - Commercial: 12 - 15' 11""",,,,,,,3,,,,,,,
Lafayette,,"Class A-2 - Pleasure: 12 - 15' 11""",,,,,,337,,,,,"Class A-2 - Commercial: 12 - 15' 11""",,,,,,,2,,,,,,,
Lake,,"Class A-2 - Pleasure: 12 - 15' 11""",,,,,,"3,758",,,,,"Class A-2 - Commercial: 12 - 15' 11""",,,,,,,23,,,,,,,
Lee,,"Class A-2 - Pleasure: 12 - 15' 11""",,,,,,"4,897",,,,,"Class A-2 - Commercial: 12 - 15' 11""",,,,,,,69,,,,,,,
Leon,,"Class A-2 - Pleasure: 12 - 15' 11""",,,,,,"3,910",,,,,"Class A-2 - Commercial: 12 - 15' 11""",,,,,,,22,,,,,,,
County,,Class A-2 - Pleasure,,,,,,"Total in Class A-2
- Pleasure",,,,,Class A-2 - Commercial,,,,,,,Total in Class A-2 - Commercial,,,,,,,
Levy,,"Class A-2 - Pleasure: 12 - 15' 11""",,,,,,"1,251",,,,,"Class A-2 - Commercial: 12 - 15' 11""",,,,,,,37,,,,,,,
Liberty,,"Class A-2 - Pleasure: 12 - 15' 11""",,,,,,711,,,,,"Class A-2 - Commercial: 12 - 15' 11""",,,,,,,7,,,,,,,
Madison,,"Class A-2 - Pleasure: 12 - 15' 11""",,,,,,457,,,,,"Class A-2 - Commercial: 12 - 15' 11""",,,,,,,1,,,,,,,
Manatee,,"Class A-2 - Pleasure: 12 - 15' 11""",,,,,,"2,991",,,,,"Class A-2 - Commercial: 12 - 15' 11""",,,,,,,52,,,,,,,
Marion,,"Class A-2 - Pleasure: 12 - 15' 11""",,,,,,"4,863",,,,,"Class A-2 - Commercial: 12 - 15' 11""",,,,,,,37,,,,,,,
Martin,,"Class A-2 - Pleasure: 12 - 15' 11""",,,,,,"1,916",,,,,"Class A-2 - Commercial: 12 - 15' 11""",,,,,,,48,,,,,,,
Monroe,,"Class A-2 - Pleasure: 12 - 15' 11""",,,,,,"2,506",,,,,"Class A-2 - Commercial: 12 - 15' 11""",,,,,,,290,,,,,,,
Nassau,,"Class A-2 - Pleasure: 12 - 15' 11""",,,,,,"1,823",,,,,"Class A-2 - Commercial: 12 - 15' 11""",,,,,,,13,,,,,,,
Okaloosa,,"Class A-2 - Pleasure: 12 - 15' 11""",,,,,,"3,342",,,,,"Class A-2 - Commercial: 12 - 15' 11""",,,,,,,38,,,,,,,
Okeechoee,,"Class A-2 - Pleasure: 12 - 15' 11""",,,,,,943,,,,,"Class A-2 - Commercial: 12 - 15' 11""",,,,,,,35,,,,,,,
Orange,,"Class A-2 - Pleasure: 12 - 15' 11""",,,,,,"4,194",,,,,"Class A-2 - Commercial: 12 - 15' 11""",,,,,,,79,,,,,,,
Osceola,,"Class A-2 - Pleasure: 12 - 15' 11""",,,,,,"1,348",,,,,"Class A-2 - Commercial: 12 - 15' 11""",,,,,,,16,,,,,,,
Palm Beach,,"Class A-2 - Pleasure: 12 - 15' 11""",,,,,,"4,028",,,,,"Class A-2 - Commercial: 12 - 15' 11""",,,,,,,131,,,,,,,
Pasco,,"Class A-2 - Pleasure: 12 - 15' 11""",,,,,,"5,013",,,,,"Class A-2 - Commercial: 12 - 15' 11""",,,,,,,65,,,,,,,
Pinellas,,"Class A-2 - Pleasure: 12 - 15' 11""",,,,,,"5,584",,,,,"Class A-2 - Commercial: 12 - 15' 11""",,,,,,,109,,,,,,,
Polk,,"Class A-2 - Pleasure: 12 - 15' 11""",,,,,,"6,614",,,,,"Class A-2 - Commercial: 12 - 15' 11""",,,,,,,142,,,,,,,
Putnam,,"Class A-2 - Pleasure: 12 - 15' 11""",,,,,,"1,900",,,,,"Class A-2 - Commercial: 12 - 15' 11""",,,,,,,55,,,,,,,
Santa Rosa,,"Class A-2 - Pleasure: 12 - 15' 11""",,,,,,"3,777",,,,,"Class A-2 - Commercial: 12 - 15' 11""",,,,,,,43,,,,,,,
Sarasota,,"Class A-2 - Pleasure: 12 - 15' 11""",,,,,,"2,887",,,,,"Class A-2 - Commercial: 12 - 15' 11""",,,,,,,26,,,,,,,
Seminole,,"Class A-2 - Pleasure: 12 - 15' 11""",,,,,,"3,443",,,,,"Class A-2 - Commercial: 12 - 15' 11""",,,,,,,39,,,,,,,
St. Johns,,"Class A-2 - Pleasure: 12 - 15' 11""",,,,,,"2,943",,,,,"Class A-2 - Commercial: 12 - 15' 11""",,,,,,,79,,,,,,,
St. Lucie,,"Class A-2 - Pleasure: 12 - 15' 11""",,,,,,"2,042",,,,,"Class A-2 - Commercial: 12 - 15' 11""",,,,,,,64,,,,,,,
Sumter,,"Class A-2 - Pleasure: 12 - 15' 11""",,,,,,"1,409",,,,,"Class A-2 - Commercial: 12 - 15' 11""",,,,,,,12,,,,,,,
Suwannee,,"Class A-2 - Pleasure: 12 - 15' 11""",,,,,,"1,000",,,,,"Class A-2 - Commercial: 12 - 15' 11""",,,,,,,5,,,,,,,
Taylor,,"Class A-2 - Pleasure: 12 - 15' 11""",,,,,,"1,243",,,,,"Class A-2 - Commercial: 12 - 15' 11""",,,,,,,24,,,,,,,
Union,,"Class A-2 - Pleasure: 12 - 15' 11""",,,,,,328,,,,,"Class A-2 - Commercial: 12 - 15' 11""",,,,,,,4,,,,,,,
Volusia,,"Class A-2 - Pleasure: 12 - 15' 11""",,,,,,"6,423",,,,,"Class A-2 - Commercial: 12 - 15' 11""",,,,,,,166,,,,,,,
Wakulla,,"Class A-2 - Pleasure: 12 - 15' 11""",,,,,,"1,773",,,,,"Class A-2 - Commercial: 12 - 15' 11""",,,,,,,42,,,,,,,
Walton,,"Class A-2 - Pleasure: 12 - 15' 11""",,,,,,"1,964",,,,,"Class A-2 - Commercial: 12 - 15' 11""",,,,,,,20,,,,,,,
Washington,,"Class A-2 - Pleasure: 12 - 15' 11""",,,,,,"1,380",,,,,"Class A-2 - Commercial: 12 - 15' 11""",,,,,,,6,,,,,,,
County,,,Class 1 - Pleasure,,,,,Total in Class 1 - Pleasure,,,,,Class 1 - Commercial,,,,,,Total in Class 1 - Commercial,,,,,,,,
Alachua,,,"Class 1 - Pleasure: 16 - 25' 11""",,,,,"6,380",,,,,"Class 1 - Commercial: 16 - 25' 11""",,,,,,125,,,,,,,,
Baker,,,"Class 1 - Pleasure: 16 - 25' 11""",,,,,"1,681",,,,,"Class 1 - Commercial: 16 - 25' 11""",,,,,,9,,,,,,,,
Bay,,,"Class 1 - Pleasure: 16 - 25' 11""",,,,,"7,887",,,,,"Class 1 - Commercial: 16 - 25' 11""",,,,,,297,,,,,,,,
Bradford,,,"Class 1 - Pleasure: 16 - 25' 11""",,,,,"1,371",,,,,"Class 1 - Commercial: 16 - 25' 11""",,,,,,10,,,,,,,,
Brevard,,,"Class 1 - Pleasure: 16 - 25' 11""",,,,,"17,604",,,,,"Class 1 - Commercial: 16 - 25' 11""",,,,,,449,,,,,,,,
Broward,,,"Class 1 - Pleasure: 16 - 25' 11""",,,,,"20,372",,,,,"Class 1 - Commercial: 16 - 25' 11""",,,,,,465,,,,,,,,
Calhoun,,,"Class 1 - Pleasure: 16 - 25' 11""",,,,,646,,,,,"Class 1 - Commercial: 16 - 25' 11""",,,,,,12,,,,,,,,
Charlotte,,,"Class 1 - Pleasure: 16 - 25' 11""",,,,,"14,097",,,,,"Class 1 - Commercial: 16 - 25' 11""",,,,,,364,,,,,,,,
Citrus,,,"Class 1 - Pleasure: 16 - 25' 11""",,,,,"10,618",,,,,"Class 1 - Commercial: 16 - 25' 11""",,,,,,447,,,,,,,,
Clay,,,"Class 1 - Pleasure: 16 - 25' 11""",,,,,"7,062",,,,,"Class 1 - Commercial: 16 - 25' 11""",,,,,,65,,,,,,,,
Collier,,,"Class 1 - Pleasure: 16 - 25' 11""",,,,,"11,064",,,,,"Class 1 - Commercial: 16 - 25' 11""",,,,,,528,,,,,,,,
Columbia,,,"Class 1 - Pleasure: 16 - 25' 11""",,,,,"2,702",,,,,"Class 1 - Commercial: 16 - 25' 11""",,,,,,20,,,,,,,,
Dade,,,"Class 1 - Pleasure: 16 - 25' 11""",,,,,"29,514",,,,,"Class 1 - Commercial: 16 - 25' 11""",,,,,,865,,,,,,,,
Desoto,,,"Class 1 - Pleasure: 16 - 25' 11""",,,,,"1,154",,,,,"Class 1 - Commercial: 16 - 25' 11""",,,,,,48,,,,,,,,
DHSMV,,,"Class 1 - Pleasure: 16 - 25' 11""",,,,,"1,440",,,,,"Class 1 - Commercial: 16 - 25' 11""",,,,,,757,,,,,,,,
Dixie,,,"Class 1 - Pleasure: 16 - 25' 11""",,,,,"1,429",,,,,"Class 1 - Commercial: 16 - 25' 11""",,,,,,165,,,,,,,,
Duval,,,"Class 1 - Pleasure: 16 - 25' 11""",,,,,"13,603",,,,,"Class 1 - Commercial: 16 - 25' 11""",,,,,,359,,,,,,,,
Escambia,,,"Class 1 - Pleasure: 16 - 25' 11""",,,,,"8,719",,,,,"Class 1 - Commercial: 16 - 25' 11""",,,,,,165,,,,,,,,
Flagler,,,"Class 1 - Pleasure: 16 - 25' 11""",,,,,"3,361",,,,,"Class 1 - Commercial: 16 - 25' 11""",,,,,,36,,,,,,,,
Franklin,,,"Class 1 - Pleasure: 16 - 25' 11""",,,,,"1,436",,,,,"Class 1 - Commercial: 16 - 25' 11""",,,,,,389,,,,,,,,
Gadsden,,,"Class 1 - Pleasure: 16 - 25' 11""",,,,,"1,270",,,,,"Class 1 - Commercial: 16 - 25' 11""",,,,,,11,,,,,,,,
Gilchrist,,,"Class 1 - Pleasure: 16 - 25' 11""",,,,,"1,163",,,,,"Class 1 - Commercial: 16 - 25' 11""",,,,,,19,,,,,,,,
Glades,,,"Class 1 - Pleasure: 16 - 25' 11""",,,,,805,,,,,"Class 1 - Commercial: 16 - 25' 11""",,,,,,18,,,,,,,,
Gulf,,,"Class 1 - Pleasure: 16 - 25' 11""",,,,,"1,370",,,,,"Class 1 - Commercial: 16 - 25' 11""",,,,,,141,,,,,,,,
Hamilton,,,"Class 1 - Pleasure: 16 - 25' 11""",,,,,472,,,,,"Class 1 - Commercial: 16 - 25' 11""",,,,,,5,,,,,,,,
Hardee,,,"Class 1 - Pleasure: 16 - 25' 11""",,,,,911,,,,,"Class 1 - Commercial: 16 - 25' 11""",,,,,,11,,,,,,,,
Hendry,,,"Class 1 - Pleasure: 16 - 25' 11""",,,,,"1,788",,,,,"Class 1 - Commercial: 16 - 25' 11""",,,,,,47,,,,,,,,
Hernando,,,"Class 1 - Pleasure: 16 - 25' 11""",,,,,"5,688",,,,,"Class 1 - Commercial: 16 - 25' 11""",,,,,,69,,,,,,,,
Highlands,,,"Class 1 - Pleasure: 16 - 25' 11""",,,,,"5,784",,,,,"Class 1 - Commercial: 16 - 25' 11""",,,,,,33,,,,,,,,
Hills,,,"Class 1 - Pleasure: 16 - 25' 11""",,,,,"21,860",,,,,"Class 1 - Commercial: 16 - 25' 11""",,,,,,401,,,,,,,,
Holmes,,,"Class 1 - Pleasure: 16 - 25' 11""",,,,,808,,,,,"Class 1 - Commercial: 16 - 25' 11""",,,,,,8,,,,,,,,
Indian River,,,"Class 1 - Pleasure: 16 - 25' 11""",,,,,"6,094",,,,,"Class 1 - Commercial: 16 - 25' 11""",,,,,,198,,,,,,,,
Jackson,,,"Class 1 - Pleasure: 16 - 25' 11""",,,,,"1,975",,,,,"Class 1 - Commercial: 16 - 25' 11""",,,,,,15,,,,,,,,
Jefferson,,,"Class 1 - Pleasure: 16 - 25' 11""",,,,,841,,,,,"Class 1 - Commercial: 16 - 25' 11""",,,,,,10,,,,,,,,
Lafayette,,,"Class 1 - Pleasure: 16 - 25' 11""",,,,,514,,,,,"Class 1 - Commercial: 16 - 25' 11""",,,,,,13,,,,,,,,
County,,,Class 1 - Pleasure,,,,,Total in Class 1 - Pleasure,,,,,Class 1 - Commercial,,,,,,Total in Class 1 - Commercial,,,,,,,,
Lake,,,"Class 1 - Pleasure: 16 - 25' 11""",,,,,"14,679",,,,,"Class 1 - Commercial: 16 - 25' 11""",,,,,,129,,,,,,,,
Lee,,,"Class 1 - Pleasure: 16 - 25' 11""",,,,,"28,012",,,,,"Class 1 - Commercial: 16 - 25' 11""",,,,,,677,,,,,,,,
Leon,,,"Class 1 - Pleasure: 16 - 25' 11""",,,,,"6,036",,,,,"Class 1 - Commercial: 16 - 25' 11""",,,,,,91,,,,,,,,
Levy,,,"Class 1 - Pleasure: 16 - 25' 11""",,,,,"2,640",,,,,"Class 1 - Commercial: 16 - 25' 11""",,,,,,232,,,,,,,,
Liberty,,,"Class 1 - Pleasure: 16 - 25' 11""",,,,,507,,,,,"Class 1 - Commercial: 16 - 25' 11""",,,,,,8,,,,,,,,
Madison,,,"Class 1 - Pleasure: 16 - 25' 11""",,,,,627,,,,,"Class 1 - Commercial: 16 - 25' 11""",,,,,,2,,,,,,,,
Manatee,,,"Class 1 - Pleasure: 16 - 25' 11""",,,,,"10,898",,,,,"Class 1 - Commercial: 16 - 25' 11""",,,,,,434,,,,,,,,
Marion,,,"Class 1 - Pleasure: 16 - 25' 11""",,,,,"12,157",,,,,"Class 1 - Commercial: 16 - 25' 11""",,,,,,111,,,,,,,,
Martin,,,"Class 1 - Pleasure: 16 - 25' 11""",,,,,"9,339",,,,,"Class 1 - Commercial: 16 - 25' 11""",,,,,,323,,,,,,,,
Monroe,,,"Class 1 - Pleasure: 16 - 25' 11""",,,,,"13,198",,,,,"Class 1 - Commercial: 16 - 25' 11""",,,,,,"1,314",,,,,,,,
Nassau,,,"Class 1 - Pleasure: 16 - 25' 11""",,,,,"3,669",,,,,"Class 1 - Commercial: 16 - 25' 11""",,,,,,79,,,,,,,,
Okaloosa,,,"Class 1 - Pleasure: 16 - 25' 11""",,,,,"9,387",,,,,"Class 1 - Commercial: 16 - 25' 11""",,,,,,207,,,,,,,,
Okeechoee,,,"Class 1 - Pleasure: 16 - 25' 11""",,,,,"3,487",,,,,"Class 1 - Commercial: 16 - 25' 11""",,,,,,84,,,,,,,,
Orange,,,"Class 1 - Pleasure: 16 - 25' 11""",,,,,"17,623",,,,,"Class 1 - Commercial: 16 - 25' 11""",,,,,,193,,,,,,,,
Osceola,,,"Class 1 - Pleasure: 16 - 25' 11""",,,,,"4,475",,,,,"Class 1 - Commercial: 16 - 25' 11""",,,,,,85,,,,,,,,
Palm Beach,,,"Class 1 - Pleasure: 16 - 25' 11""",,,,,"17,896",,,,,"Class 1 - Commercial: 16 - 25' 11""",,,,,,487,,,,,,,,
Pasco,,,"Class 1 - Pleasure: 16 - 25' 11""",,,,,"14,528",,,,,"Class 1 - Commercial: 16 - 25' 11""",,,,,,225,,,,,,,,
Pinellas,,,"Class 1 - Pleasure: 16 - 25' 11""",,,,,"25,752",,,,,"Class 1 - Commercial: 16 - 25' 11""",,,,,,561,,,,,,,,
Polk,,,"Class 1 - Pleasure: 16 - 25' 11""",,,,,"17,213",,,,,"Class 1 - Commercial: 16 - 25' 11""",,,,,,237,,,,,,,,
Putnam,,,"Class 1 - Pleasure: 16 - 25' 11""",,,,,"4,720",,,,,"Class 1 - Commercial: 16 - 25' 11""",,,,,,135,,,,,,,,
Santa Rosa,,,"Class 1 - Pleasure: 16 - 25' 11""",,,,,"8,338",,,,,"Class 1 - Commercial: 16 - 25' 11""",,,,,,129,,,,,,,,
Sarasota,,,"Class 1 - Pleasure: 16 - 25' 11""",,,,,"12,811",,,,,"Class 1 - Commercial: 16 - 25' 11""",,,,,,196,,,,,,,,
Seminole,,,"Class 1 - Pleasure: 16 - 25' 11""",,,,,"9,611",,,,,"Class 1 - Commercial: 16 - 25' 11""",,,,,,91,,,,,,,,
St. Johns,,,"Class 1 - Pleasure: 16 - 25' 11""",,,,,"8,545",,,,,"Class 1 - Commercial: 16 - 25' 11""",,,,,,252,,,,,,,,
St. Lucie,,,"Class 1 - Pleasure: 16 - 25' 11""",,,,,"7,711",,,,,"Class 1 - Commercial: 16 - 25' 11""",,,,,,296,,,,,,,,
Sumter,,,"Class 1 - Pleasure: 16 - 25' 11""",,,,,"2,607",,,,,"Class 1 - Commercial: 16 - 25' 11""",,,,,,34,,,,,,,,
Suwannee,,,"Class 1 - Pleasure: 16 - 25' 11""",,,,,"1,685",,,,,"Class 1 - Commercial: 16 - 25' 11""",,,,,,19,,,,,,,,
Taylor,,,"Class 1 - Pleasure: 16 - 25' 11""",,,,,"2,142",,,,,"Class 1 - Commercial: 16 - 25' 11""",,,,,,76,,,,,,,,
Union,,,"Class 1 - Pleasure: 16 - 25' 11""",,,,,590,,,,,"Class 1 - Commercial: 16 - 25' 11""",,,,,,7,,,,,,,,
Volusia,,,"Class 1 - Pleasure: 16 - 25' 11""",,,,,"16,781",,,,,"Class 1 - Commercial: 16 - 25' 11""",,,,,,370,,,,,,,,
Wakulla,,,"Class 1 - Pleasure: 16 - 25' 11""",,,,,"2,943",,,,,"Class 1 - Commercial: 16 - 25' 11""",,,,,,210,,,,,,,,
Walton,,,"Class 1 - Pleasure: 16 - 25' 11""",,,,,"3,205",,,,,"Class 1 - Commercial: 16 - 25' 11""",,,,,,98,,,,,,,,
Washington,,,"Class 1 - Pleasure: 16 - 25' 11""",,,,,"1,200",,,,,"Class 1 - Commercial: 16 - 25' 11""",,,,,,11,,,,,,,,
County,,,Class 2 - Pleasure,,,,,,,Total in Class 2 - Pleasure,,,,Class 2 - Commercial,,,,,,Total in Class 2 - Commercial,,,,,,,
Alachua,,,"Class 2 - Pleasure: 26 - 39' 11""",,,,,,,586,,,,"Class 2 - Commercial: 26 - 39' 11""",,,,,,24,,,,,,,
Baker,,,"Class 2 - Pleasure: 26 - 39' 11""",,,,,,,34,,,,"Class 2 - Commercial: 26 - 39' 11""",,,,,,0,,,,,,,
Bay,,,"Class 2 - Pleasure: 26 - 39' 11""",,,,,,,"1,007",,,,"Class 2 - Commercial: 26 - 39' 11""",,,,,,126,,,,,,,
Bradford,,,"Class 2 - Pleasure: 26 - 39' 11""",,,,,,,33,,,,"Class 2 - Commercial: 26 - 39' 11""",,,,,,1,,,,,,,
Brevard,,,"Class 2 - Pleasure: 26 - 39' 11""",,,,,,,"2,526",,,,"Class 2 - Commercial: 26 - 39' 11""",,,,,,134,,,,,,,
Broward,,,"Class 2 - Pleasure: 26 - 39' 11""",,,,,,,"7,962",,,,"Class 2 - Commercial: 26 - 39' 11""",,,,,,229,,,,,,,
Calhoun,,,"Class 2 - Pleasure: 26 - 39' 11""",,,,,,,23,,,,"Class 2 - Commercial: 26 - 39' 11""",,,,,,1,,,,,,,
Charlotte,,,"Class 2 - Pleasure: 26 - 39' 11""",,,,,,,"2,608",,,,"Class 2 - Commercial: 26 - 39' 11""",,,,,,73,,,,,,,
Citrus,,,"Class 2 - Pleasure: 26 - 39' 11""",,,,,,,382,,,,"Class 2 - Commercial: 26 - 39' 11""",,,,,,104,,,,,,,
Clay,,,"Class 2 - Pleasure: 26 - 39' 11""",,,,,,,"1,039",,,,"Class 2 - Commercial: 26 - 39' 11""",,,,,,22,,,,,,,
Collier,,,"Class 2 - Pleasure: 26 - 39' 11""",,,,,,,"3,624",,,,"Class 2 - Commercial: 26 - 39' 11""",,,,,,165,,,,,,,
Columbia,,,"Class 2 - Pleasure: 26 - 39' 11""",,,,,,,71,,,,"Class 2 - Commercial: 26 - 39' 11""",,,,,,6,,,,,,,
Dade,,,"Class 2 - Pleasure: 26 - 39' 11""",,,,,,,"12,125",,,,"Class 2 - Commercial: 26 - 39' 11""",,,,,,464,,,,,,,
Desoto,,,"Class 2 - Pleasure: 26 - 39' 11""",,,,,,,83,,,,"Class 2 - Commercial: 26 - 39' 11""",,,,,,11,,,,,,,
DHSMV,,,"Class 2 - Pleasure: 26 - 39' 11""",,,,,,,403,,,,"Class 2 - Commercial: 26 - 39' 11""",,,,,,170,,,,,,,
Dixie,,,"Class 2 - Pleasure: 26 - 39' 11""",,,,,,,53,,,,"Class 2 - Commercial: 26 - 39' 11""",,,,,,34,,,,,,,
Duval,,,"Class 2 - Pleasure: 26 - 39' 11""",,,,,,,"1,748",,,,"Class 2 - Commercial: 26 - 39' 11""",,,,,,61,,,,,,,
Escambia,,,"Class 2 - Pleasure: 26 - 39' 11""",,,,,,,"1,315",,,,"Class 2 - Commercial: 26 - 39' 11""",,,,,,64,,,,,,,
Flagler,,,"Class 2 - Pleasure: 26 - 39' 11""",,,,,,,409,,,,"Class 2 - Commercial: 26 - 39' 11""",,,,,,5,,,,,,,
Franklin,,,"Class 2 - Pleasure: 26 - 39' 11""",,,,,,,163,,,,"Class 2 - Commercial: 26 - 39' 11""",,,,,,53,,,,,,,
Gadsden,,,"Class 2 - Pleasure: 26 - 39' 11""",,,,,,,55,,,,"Class 2 - Commercial: 26 - 39' 11""",,,,,,1,,,,,,,
Gilchrist,,,"Class 2 - Pleasure: 26 - 39' 11""",,,,,,,26,,,,"Class 2 - Commercial: 26 - 39' 11""",,,,,,2,,,,,,,
Glades,,,"Class 2 - Pleasure: 26 - 39' 11""",,,,,,,46,,,,"Class 2 - Commercial: 26 - 39' 11""",,,,,,1,,,,,,,
Gulf,,,"Class 2 - Pleasure: 26 - 39' 11""",,,,,,,135,,,,"Class 2 - Commercial: 26 - 39' 11""",,,,,,18,,,,,,,
Hamilton,,,"Class 2 - Pleasure: 26 - 39' 11""",,,,,,,13,,,,"Class 2 - Commercial: 26 - 39' 11""",,,,,,0,,,,,,,
Hardee,,,"Class 2 - Pleasure: 26 - 39' 11""",,,,,,,30,,,,"Class 2 - Commercial: 26 - 39' 11""",,,,,,1,,,,,,,
Hendry,,,"Class 2 - Pleasure: 26 - 39' 11""",,,,,,,308,,,,"Class 2 - Commercial: 26 - 39' 11""",,,,,,3,,,,,,,
Hernando,,,"Class 2 - Pleasure: 26 - 39' 11""",,,,,,,393,,,,"Class 2 - Commercial: 26 - 39' 11""",,,,,,57,,,,,,,
Highlands,,,"Class 2 - Pleasure: 26 - 39' 11""",,,,,,,140,,,,"Class 2 - Commercial: 26 - 39' 11""",,,,,,5,,,,,,,
Hills,,,"Class 2 - Pleasure: 26 - 39' 11""",,,,,,,"3,456",,,,"Class 2 - Commercial: 26 - 39' 11""",,,,,,105,,,,,,,
Holmes,,,"Class 2 - Pleasure: 26 - 39' 11""",,,,,,,29,,,,"Class 2 - Commercial: 26 - 39' 11""",,,,,,1,,,,,,,
Indian River,,,"Class 2 - Pleasure: 26 - 39' 11""",,,,,,,845,,,,"Class 2 - Commercial: 26 - 39' 11""",,,,,,61,,,,,,,
Jackson,,,"Class 2 - Pleasure: 26 - 39' 11""",,,,,,,80,,,,"Class 2 - Commercial: 26 - 39' 11""",,,,,,2,,,,,,,
Jefferson,,,"Class 2 - Pleasure: 26 - 39' 11""",,,,,,,58,,,,"Class 2 - Commercial: 26 - 39' 11""",,,,,,1,,,,,,,
Lafayette,,,"Class 2 - Pleasure: 26 - 39' 11""",,,,,,,9,,,,"Class 2 - Commercial: 26 - 39' 11""",,,,,,0,,,,,,,
County,,,Class 2 - Pleasure,,,,,,,Total in Class 2 - Pleasure,,,,Class 2 - Commercial,,,,,,Total in Class 2 - Commercial,,,,,,,
Lake,,,"Class 2 - Pleasure: 26 - 39' 11""",,,,,,,555,,,,"Class 2 - Commercial: 26 - 39' 11""",,,,,,19,,,,,,,
Lee,,,"Class 2 - Pleasure: 26 - 39' 11""",,,,,,,"6,861",,,,"Class 2 - Commercial: 26 - 39' 11""",,,,,,208,,,,,,,
Leon,,,"Class 2 - Pleasure: 26 - 39' 11""",,,,,,,317,,,,"Class 2 - Commercial: 26 - 39' 11""",,,,,,20,,,,,,,
Levy,,,"Class 2 - Pleasure: 26 - 39' 11""",,,,,,,118,,,,"Class 2 - Commercial: 26 - 39' 11""",,,,,,52,,,,,,,
Liberty,,,"Class 2 - Pleasure: 26 - 39' 11""",,,,,,,14,,,,"Class 2 - Commercial: 26 - 39' 11""",,,,,,2,,,,,,,
Madison,,,"Class 2 - Pleasure: 26 - 39' 11""",,,,,,,20,,,,"Class 2 - Commercial: 26 - 39' 11""",,,,,,0,,,,,,,
Manatee,,,"Class 2 - Pleasure: 26 - 39' 11""",,,,,,,"2,411",,,,"Class 2 - Commercial: 26 - 39' 11""",,,,,,126,,,,,,,
Marion,,,"Class 2 - Pleasure: 26 - 39' 11""",,,,,,,479,,,,"Class 2 - Commercial: 26 - 39' 11""",,,,,,14,,,,,,,
Martin,,,"Class 2 - Pleasure: 26 - 39' 11""",,,,,,,"2,967",,,,"Class 2 - Commercial: 26 - 39' 11""",,,,,,129,,,,,,,
Monroe,,,"Class 2 - Pleasure: 26 - 39' 11""",,,,,,,"4,998",,,,"Class 2 - Commercial: 26 - 39' 11""",,,,,,745,,,,,,,
Nassau,,,"Class 2 - Pleasure: 26 - 39' 11""",,,,,,,303,,,,"Class 2 - Commercial: 26 - 39' 11""",,,,,,35,,,,,,,
Okaloosa,,,"Class 2 - Pleasure: 26 - 39' 11""",,,,,,,"1,979",,,,"Class 2 - Commercial: 26 - 39' 11""",,,,,,126,,,,,,,
Okeechoee,,,"Class 2 - Pleasure: 26 - 39' 11""",,,,,,,157,,,,"Class 2 - Commercial: 26 - 39' 11""",,,,,,16,,,,,,,
Orange,,,"Class 2 - Pleasure: 26 - 39' 11""",,,,,,,"2,104",,,,"Class 2 - Commercial: 26 - 39' 11""",,,,,,30,,,,,,,
Osceola,,,"Class 2 - Pleasure: 26 - 39' 11""",,,,,,,246,,,,"Class 2 - Commercial: 26 - 39' 11""",,,,,,3,,,,,,,
Palm Beach,,,"Class 2 - Pleasure: 26 - 39' 11""",,,,,,,"5,906",,,,"Class 2 - Commercial: 26 - 39' 11""",,,,,,240,,,,,,,
Pasco,,,"Class 2 - Pleasure: 26 - 39' 11""",,,,,,,"1,454",,,,"Class 2 - Commercial: 26 - 39' 11""",,,,,,124,,,,,,,
Pinellas,,,"Class 2 - Pleasure: 26 - 39' 11""",,,,,,,"6,853",,,,"Class 2 - Commercial: 26 - 39' 11""",,,,,,261,,,,,,,
Polk,,,"Class 2 - Pleasure: 26 - 39' 11""",,,,,,,835,,,,"Class 2 - Commercial: 26 - 39' 11""",,,,,,22,,,,,,,
Putnam,,,"Class 2 - Pleasure: 26 - 39' 11""",,,,,,,251,,,,"Class 2 - Commercial: 26 - 39' 11""",,,,,,11,,,,,,,
Santa Rosa,,,"Class 2 - Pleasure: 26 - 39' 11""",,,,,,,842,,,,"Class 2 - Commercial: 26 - 39' 11""",,,,,,33,,,,,,,
Sarasota,,,"Class 2 - Pleasure: 26 - 39' 11""",,,,,,,"2,868",,,,"Class 2 - Commercial: 26 - 39' 11""",,,,,,64,,,,,,,
Seminole,,,"Class 2 - Pleasure: 26 - 39' 11""",,,,,,,740,,,,"Class 2 - Commercial: 26 - 39' 11""",,,,,,10,,,,,,,
St. Johns,,,"Class 2 - Pleasure: 26 - 39' 11""",,,,,,,"1,255",,,,"Class 2 - Commercial: 26 - 39' 11""",,,,,,62,,,,,,,
St. Lucie,,,"Class 2 - Pleasure: 26 - 39' 11""",,,,,,,"1,438",,,,"Class 2 - Commercial: 26 - 39' 11""",,,,,,88,,,,,,,
Sumter,,,"Class 2 - Pleasure: 26 - 39' 11""",,,,,,,90,,,,"Class 2 - Commercial: 26 - 39' 11""",,,,,,4,,,,,,,
Suwannee,,,"Class 2 - Pleasure: 26 - 39' 11""",,,,,,,75,,,,"Class 2 - Commercial: 26 - 39' 11""",,,,,,4,,,,,,,
Taylor,,,"Class 2 - Pleasure: 26 - 39' 11""",,,,,,,73,,,,"Class 2 - Commercial: 26 - 39' 11""",,,,,,20,,,,,,,
Union,,,"Class 2 - Pleasure: 26 - 39' 11""",,,,,,,11,,,,"Class 2 - Commercial: 26 - 39' 11""",,,,,,0,,,,,,,
Volusia,,,"Class 2 - Pleasure: 26 - 39' 11""",,,,,,,"1,381",,,,"Class 2 - Commercial: 26 - 39' 11""",,,,,,80,,,,,,,
Wakulla,,,"Class 2 - Pleasure: 26 - 39' 11""",,,,,,,206,,,,"Class 2 - Commercial: 26 - 39' 11""",,,,,,34,,,,,,,
Walton,,,"Class 2 - Pleasure: 26 - 39' 11""",,,,,,,349,,,,"Class 2 - Commercial: 26 - 39' 11""",,,,,,24,,,,,,,
Washington,,,"Class 2 - Pleasure: 26 - 39' 11""",,,,,,,33,,,,"Class 2 - Commercial: 26 - 39' 11""",,,,,,3,,,,,,,
County,,,Class 3 - Pleasure,,,,,,,Total in Class 3 - Pleasure,,,,,Class 3 - Commercial,,,,,,,Total in Class 3 - Commercial,,,,,
Alachua,,,"Class 3 - Pleasure: 40 - 64' 11""",,,,,,,276,,,,,"Class 3 - Commercial: 40 - 64' 11""",,,,,,,4,,,,,
Baker,,,"Class 3 - Pleasure: 40 - 64' 11""",,,,,,,2,,,,,"Class 3 - Commercial: 40 - 64' 11""",,,,,,,0,,,,,
Bay,,,"Class 3 - Pleasure: 40 - 64' 11""",,,,,,,169,,,,,"Class 3 - Commercial: 40 - 64' 11""",,,,,,,92,,,,,
Bradford,,,"Class 3 - Pleasure: 40 - 64' 11""",,,,,,,3,,,,,"Class 3 - Commercial: 40 - 64' 11""",,,,,,,0,,,,,
Brevard,,,"Class 3 - Pleasure: 40 - 64' 11""",,,,,,,399,,,,,"Class 3 - Commercial: 40 - 64' 11""",,,,,,,26,,,,,
Broward,,,"Class 3 - Pleasure: 40 - 64' 11""",,,,,,,"1,663",,,,,"Class 3 - Commercial: 40 - 64' 11""",,,,,,,92,,,,,
Calhoun,,,"Class 3 - Pleasure: 40 - 64' 11""",,,,,,,2,,,,,"Class 3 - Commercial: 40 - 64' 11""",,,,,,,1,,,,,
Charlotte,,,"Class 3 - Pleasure: 40 - 64' 11""",,,,,,,400,,,,,"Class 3 - Commercial: 40 - 64' 11""",,,,,,,10,,,,,
Citrus,,,"Class 3 - Pleasure: 40 - 64' 11""",,,,,,,39,,,,,"Class 3 - Commercial: 40 - 64' 11""",,,,,,,13,,,,,
Clay,,,"Class 3 - Pleasure: 40 - 64' 11""",,,,,,,503,,,,,"Class 3 - Commercial: 40 - 64' 11""",,,,,,,11,,,,,
Collier,,,"Class 3 - Pleasure: 40 - 64' 11""",,,,,,,557,,,,,"Class 3 - Commercial: 40 - 64' 11""",,,,,,,53,,,,,
Columbia,,,"Class 3 - Pleasure: 40 - 64' 11""",,,,,,,7,,,,,"Class 3 - Commercial: 40 - 64' 11""",,,,,,,0,,,,,
Dade,,,"Class 3 - Pleasure: 40 - 64' 11""",,,,,,,"2,654",,,,,"Class 3 - Commercial: 40 - 64' 11""",,,,,,,134,,,,,
Desoto,,,"Class 3 - Pleasure: 40 - 64' 11""",,,,,,,10,,,,,"Class 3 - Commercial: 40 - 64' 11""",,,,,,,0,,,,,
DHSMV,,,"Class 3 - Pleasure: 40 - 64' 11""",,,,,,,147,,,,,"Class 3 - Commercial: 40 - 64' 11""",,,,,,,8,,,,,
Dixie,,,"Class 3 - Pleasure: 40 - 64' 11""",,,,,,,16,,,,,"Class 3 - Commercial: 40 - 64' 11""",,,,,,,4,,,,,
Duval,,,"Class 3 - Pleasure: 40 - 64' 11""",,,,,,,281,,,,,"Class 3 - Commercial: 40 - 64' 11""",,,,,,,28,,,,,
Escambia,,,"Class 3 - Pleasure: 40 - 64' 11""",,,,,,,218,,,,,"Class 3 - Commercial: 40 - 64' 11""",,,,,,,25,,,,,
Flagler,,,"Class 3 - Pleasure: 40 - 64' 11""",,,,,,,82,,,,,"Class 3 - Commercial: 40 - 64' 11""",,,,,,,1,,,,,
Franklin,,,"Class 3 - Pleasure: 40 - 64' 11""",,,,,,,28,,,,,"Class 3 - Commercial: 40 - 64' 11""",,,,,,,25,,,,,
Gadsden,,,"Class 3 - Pleasure: 40 - 64' 11""",,,,,,,3,,,,,"Class 3 - Commercial: 40 - 64' 11""",,,,,,,0,,,,,
Gilchrist,,,"Class 3 - Pleasure: 40 - 64' 11""",,,,,,,2,,,,,"Class 3 - Commercial: 40 - 64' 11""",,,,,,,0,,,,,
Glades,,,"Class 3 - Pleasure: 40 - 64' 11""",,,,,,,13,,,,,"Class 3 - Commercial: 40 - 64' 11""",,,,,,,0,,,,,
Gulf,,,"Class 3 - Pleasure: 40 - 64' 11""",,,,,,,12,,,,,"Class 3 - Commercial: 40 - 64' 11""",,,,,,,10,,,,,
Hamilton,,,"Class 3 - Pleasure: 40 - 64' 11""",,,,,,,1,,,,,"Class 3 - Commercial: 40 - 64' 11""",,,,,,,0,,,,,
Hardee,,,"Class 3 - Pleasure: 40 - 64' 11""",,,,,,,2,,,,,"Class 3 - Commercial: 40 - 64' 11""",,,,,,,0,,,,,
Hendry,,,"Class 3 - Pleasure: 40 - 64' 11""",,,,,,,75,,,,,"Class 3 - Commercial: 40 - 64' 11""",,,,,,,18,,,,,
Hernando,,,"Class 3 - Pleasure: 40 - 64' 11""",,,,,,,30,,,,,"Class 3 - Commercial: 40 - 64' 11""",,,,,,,13,,,,,
Highlands,,,"Class 3 - Pleasure: 40 - 64' 11""",,,,,,,12,,,,,"Class 3 - Commercial: 40 - 64' 11""",,,,,,,0,,,,,
Hills,,,"Class 3 - Pleasure: 40 - 64' 11""",,,,,,,609,,,,,"Class 3 - Commercial: 40 - 64' 11""",,,,,,,41,,,,,
Holmes,,,"Class 3 - Pleasure: 40 - 64' 11""",,,,,,,0,,,,,"Class 3 - Commercial: 40 - 64' 11""",,,,,,,0,,,,,
Indian River,,,"Class 3 - Pleasure: 40 - 64' 11""",,,,,,,190,,,,,"Class 3 - Commercial: 40 - 64' 11""",,,,,,,5,,,,,
Jackson,,,"Class 3 - Pleasure: 40 - 64' 11""",,,,,,,9,,,,,"Class 3 - Commercial: 40 - 64' 11""",,,,,,,0,,,,,
Jefferson,,,"Class 3 - Pleasure: 40 - 64' 11""",,,,,,,5,,,,,"Class 3 - Commercial: 40 - 64' 11""",,,,,,,0,,,,,
Lafayette,,,"Class 3 - Pleasure: 40 - 64' 11""",,,,,,,0,,,,,"Class 3 - Commercial: 40 - 64' 11""",,,,,,,0,,,,,
Lake,,,"Class 3 - Pleasure: 40 - 64' 11""",,,,,,,56,,,,,"Class 3 - Commercial: 40 - 64' 11""",,,,,,,2,,,,,
County,,,Class 3 - Pleasure,,,,,,,Total in Class 3 - Pleasure,,,,,Class 3 - Commercial,,,,,,,Total in Class 3 - Commercial,,,,,
Lee,,,"Class 3 - Pleasure: 40 - 64' 11""",,,,,,,913,,,,,"Class 3 - Commercial: 40 - 64' 11""",,,,,,,59,,,,,
Leon,,,"Class 3 - Pleasure: 40 - 64' 11""",,,,,,,45,,,,,"Class 3 - Commercial: 40 - 64' 11""",,,,,,,2,,,,,
Levy,,,"Class 3 - Pleasure: 40 - 64' 11""",,,,,,,20,,,,,"Class 3 - Commercial: 40 - 64' 11""",,,,,,,4,,,,,
Liberty,,,"Class 3 - Pleasure: 40 - 64' 11""",,,,,,,1,,,,,"Class 3 - Commercial: 40 - 64' 11""",,,,,,,0,,,,,
Madison,,,"Class 3 - Pleasure: 40 - 64' 11""",,,,,,,2,,,,,"Class 3 - Commercial: 40 - 64' 11""",,,,,,,0,,,,,
Manatee,,,"Class 3 - Pleasure: 40 - 64' 11""",,,,,,,415,,,,,"Class 3 - Commercial: 40 - 64' 11""",,,,,,,26,,,,,
Marion,,,"Class 3 - Pleasure: 40 - 64' 11""",,,,,,,43,,,,,"Class 3 - Commercial: 40 - 64' 11""",,,,,,,1,,,,,
Martin,,,"Class 3 - Pleasure: 40 - 64' 11""",,,,,,,537,,,,,"Class 3 - Commercial: 40 - 64' 11""",,,,,,,20,,,,,
Monroe,,,"Class 3 - Pleasure: 40 - 64' 11""",,,,,,,"1,242",,,,,"Class 3 - Commercial: 40 - 64' 11""",,,,,,,334,,,,,
Nassau,,,"Class 3 - Pleasure: 40 - 64' 11""",,,,,,,46,,,,,"Class 3 - Commercial: 40 - 64' 11""",,,,,,,8,,,,,
Okaloosa,,,"Class 3 - Pleasure: 40 - 64' 11""",,,,,,,266,,,,,"Class 3 - Commercial: 40 - 64' 11""",,,,,,,81,,,,,
Okeechoee,,,"Class 3 - Pleasure: 40 - 64' 11""",,,,,,,17,,,,,"Class 3 - Commercial: 40 - 64' 11""",,,,,,,1,,,,,
Orange,,,"Class 3 - Pleasure: 40 - 64' 11""",,,,,,,188,,,,,"Class 3 - Commercial: 40 - 64' 11""",,,,,,,3,,,,,
Osceola,,,"Class 3 - Pleasure: 40 - 64' 11""",,,,,,,14,,,,,"Class 3 - Commercial: 40 - 64' 11""",,,,,,,1,,,,,
Palm Beach,,,"Class 3 - Pleasure: 40 - 64' 11""",,,,,,,978,,,,,"Class 3 - Commercial: 40 - 64' 11""",,,,,,,56,,,,,
Pasco,,,"Class 3 - Pleasure: 40 - 64' 11""",,,,,,,132,,,,,"Class 3 - Commercial: 40 - 64' 11""",,,,,,,43,,,,,
Pinellas,,,"Class 3 - Pleasure: 40 - 64' 11""",,,,,,,"1,053",,,,,"Class 3 - Commercial: 40 - 64' 11""",,,,,,,73,,,,,
Polk,,,"Class 3 - Pleasure: 40 - 64' 11""",,,,,,,144,,,,,"Class 3 - Commercial: 40 - 64' 11""",,,,,,,8,,,,,
Putnam,,,"Class 3 - Pleasure: 40 - 64' 11""",,,,,,,57,,,,,"Class 3 - Commercial: 40 - 64' 11""",,,,,,,5,,,,,
Santa Rosa,,,"Class 3 - Pleasure: 40 - 64' 11""",,,,,,,83,,,,,"Class 3 - Commercial: 40 - 64' 11""",,,,,,,9,,,,,
Sarasota,,,"Class 3 - Pleasure: 40 - 64' 11""",,,,,,,428,,,,,"Class 3 - Commercial: 40 - 64' 11""",,,,,,,29,,,,,
Seminole,,,"Class 3 - Pleasure: 40 - 64' 11""",,,,,,,139,,,,,"Class 3 - Commercial: 40 - 64' 11""",,,,,,,12,,,,,
St. Johns,,,"Class 3 - Pleasure: 40 - 64' 11""",,,,,,,228,,,,,"Class 3 - Commercial: 40 - 64' 11""",,,,,,,34,,,,,
St. Lucie,,,"Class 3 - Pleasure: 40 - 64' 11""",,,,,,,307,,,,,"Class 3 - Commercial: 40 - 64' 11""",,,,,,,20,,,,,
Sumter,,,"Class 3 - Pleasure: 40 - 64' 11""",,,,,,,12,,,,,"Class 3 - Commercial: 40 - 64' 11""",,,,,,,0,,,,,
Suwannee,,,"Class 3 - Pleasure: 40 - 64' 11""",,,,,,,6,,,,,"Class 3 - Commercial: 40 - 64' 11""",,,,,,,0,,,,,
Taylor,,,"Class 3 - Pleasure: 40 - 64' 11""",,,,,,,4,,,,,"Class 3 - Commercial: 40 - 64' 11""",,,,,,,2,,,,,
Union,,,"Class 3 - Pleasure: 40 - 64' 11""",,,,,,,1,,,,,"Class 3 - Commercial: 40 - 64' 11""",,,,,,,0,,,,,
Volusia,,,"Class 3 - Pleasure: 40 - 64' 11""",,,,,,,255,,,,,"Class 3 - Commercial: 40 - 64' 11""",,,,,,,12,,,,,
Wakulla,,,"Class 3 - Pleasure: 40 - 64' 11""",,,,,,,20,,,,,"Class 3 - Commercial: 40 - 64' 11""",,,,,,,7,,,,,
Walton,,,"Class 3 - Pleasure: 40 - 64' 11""",,,,,,,70,,,,,"Class 3 - Commercial: 40 - 64' 11""",,,,,,,7,,,,,
Washington,,,"Class 3 - Pleasure: 40 - 64' 11""",,,,,,,1,,,,,"Class 3 - Commercial: 40 - 64' 11""",,,,,,,1,,,,,
County,,Class 4 - Pleasure,,,,,,,,Total in Class 4 - Pleasure,,,,,,Class 4 - Commercial,,,,,,,Total in Class 4 - Commercial,,,,
Alachua,,"Class 4 - Pleasure: 65 - 109' 11""",,,,,,,,77,,,,,,"Class 4 - Commercial: 65 - 109' 11""",,,,,,,0,,,,
Baker,,"Class 4 - Pleasure: 65 - 109' 11""",,,,,,,,0,,,,,,"Class 4 - Commercial: 65 - 109' 11""",,,,,,,0,,,,
Bay,,"Class 4 - Pleasure: 65 - 109' 11""",,,,,,,,9,,,,,,"Class 4 - Commercial: 65 - 109' 11""",,,,,,,17,,,,
Bradford,,"Class 4 - Pleasure: 65 - 109' 11""",,,,,,,,0,,,,,,"Class 4 - Commercial: 65 - 109' 11""",,,,,,,0,,,,
Brevard,,"Class 4 - Pleasure: 65 - 109' 11""",,,,,,,,13,,,,,,"Class 4 - Commercial: 65 - 109' 11""",,,,,,,6,,,,
Broward,,"Class 4 - Pleasure: 65 - 109' 11""",,,,,,,,247,,,,,,"Class 4 - Commercial: 65 - 109' 11""",,,,,,,15,,,,
Calhoun,,"Class 4 - Pleasure: 65 - 109' 11""",,,,,,,,1,,,,,,"Class 4 - Commercial: 65 - 109' 11""",,,,,,,0,,,,
Charlotte,,"Class 4 - Pleasure: 65 - 109' 11""",,,,,,,,3,,,,,,"Class 4 - Commercial: 65 - 109' 11""",,,,,,,0,,,,
Citrus,,"Class 4 - Pleasure: 65 - 109' 11""",,,,,,,,0,,,,,,"Class 4 - Commercial: 65 - 109' 11""",,,,,,,0,,,,
Clay,,"Class 4 - Pleasure: 65 - 109' 11""",,,,,,,,33,,,,,,"Class 4 - Commercial: 65 - 109' 11""",,,,,,,1,,,,
Collier,,"Class 4 - Pleasure: 65 - 109' 11""",,,,,,,,43,,,,,,"Class 4 - Commercial: 65 - 109' 11""",,,,,,,3,,,,
Columbia,,"Class 4 - Pleasure: 65 - 109' 11""",,,,,,,,0,,,,,,"Class 4 - Commercial: 65 - 109' 11""",,,,,,,0,,,,
Dade,,"Class 4 - Pleasure: 65 - 109' 11""",,,,,,,,653,,,,,,"Class 4 - Commercial: 65 - 109' 11""",,,,,,,32,,,,
Desoto,,"Class 4 - Pleasure: 65 - 109' 11""",,,,,,,,0,,,,,,"Class 4 - Commercial: 65 - 109' 11""",,,,,,,0,,,,
DHSMV,,"Class 4 - Pleasure: 65 - 109' 11""",,,,,,,,21,,,,,,"Class 4 - Commercial: 65 - 109' 11""",,,,,,,1,,,,
Dixie,,"Class 4 - Pleasure: 65 - 109' 11""",,,,,,,,0,,,,,,"Class 4 - Commercial: 65 - 109' 11""",,,,,,,0,,,,
Duval,,"Class 4 - Pleasure: 65 - 109' 11""",,,,,,,,29,,,,,,"Class 4 - Commercial: 65 - 109' 11""",,,,,,,17,,,,
Escambia,,"Class 4 - Pleasure: 65 - 109' 11""",,,,,,,,16,,,,,,"Class 4 - Commercial: 65 - 109' 11""",,,,,,,2,,,,
Flagler,,"Class 4 - Pleasure: 65 - 109' 11""",,,,,,,,3,,,,,,"Class 4 - Commercial: 65 - 109' 11""",,,,,,,0,,,,
Franklin,,"Class 4 - Pleasure: 65 - 109' 11""",,,,,,,,0,,,,,,"Class 4 - Commercial: 65 - 109' 11""",,,,,,,5,,,,
Gadsden,,"Class 4 - Pleasure: 65 - 109' 11""",,,,,,,,0,,,,,,"Class 4 - Commercial: 65 - 109' 11""",,,,,,,0,,,,
Gilchrist,,"Class 4 - Pleasure: 65 - 109' 11""",,,,,,,,0,,,,,,"Class 4 - Commercial: 65 - 109' 11""",,,,,,,0,,,,
Glades,,"Class 4 - Pleasure: 65 - 109' 11""",,,,,,,,1,,,,,,"Class 4 - Commercial: 65 - 109' 11""",,,,,,,0,,,,
Gulf,,"Class 4 - Pleasure: 65 - 109' 11""",,,,,,,,2,,,,,,"Class 4 - Commercial: 65 - 109' 11""",,,,,,,3,,,,
Hamilton,,"Class 4 - Pleasure: 65 - 109' 11""",,,,,,,,1,,,,,,"Class 4 - Commercial: 65 - 109' 11""",,,,,,,0,,,,
Hardee,,"Class 4 - Pleasure: 65 - 109' 11""",,,,,,,,0,,,,,,"Class 4 - Commercial: 65 - 109' 11""",,,,,,,0,,,,
Hendry,,"Class 4 - Pleasure: 65 - 109' 11""",,,,,,,,6,,,,,,"Class 4 - Commercial: 65 - 109' 11""",,,,,,,16,,,,
Hernando,,"Class 4 - Pleasure: 65 - 109' 11""",,,,,,,,2,,,,,,"Class 4 - Commercial: 65 - 109' 11""",,,,,,,1,,,,
Highlands,,"Class 4 - Pleasure: 65 - 109' 11""",,,,,,,,0,,,,,,"Class 4 - Commercial: 65 - 109' 11""",,,,,,,0,,,,
Hills,,"Class 4 - Pleasure: 65 - 109' 11""",,,,,,,,63,,,,,,"Class 4 - Commercial: 65 - 109' 11""",,,,,,,22,,,,
Holmes,,"Class 4 - Pleasure: 65 - 109' 11""",,,,,,,,0,,,,,,"Class 4 - Commercial: 65 - 109' 11""",,,,,,,0,,,,
Indian River,,"Class 4 - Pleasure: 65 - 109' 11""",,,,,,,,12,,,,,,"Class 4 - Commercial: 65 - 109' 11""",,,,,,,1,,,,
Jackson,,"Class 4 - Pleasure: 65 - 109' 11""",,,,,,,,1,,,,,,"Class 4 - Commercial: 65 - 109' 11""",,,,,,,1,,,,
Jefferson,,"Class 4 - Pleasure: 65 - 109' 11""",,,,,,,,0,,,,,,"Class 4 - Commercial: 65 - 109' 11""",,,,,,,0,,,,
Lafayette,,"Class 4 - Pleasure: 65 - 109' 11""",,,,,,,,0,,,,,,"Class 4 - Commercial: 65 - 109' 11""",,,,,,,0,,,,
Lake,,"Class 4 - Pleasure: 65 - 109' 11""",,,,,,,,3,,,,,,"Class 4 - Commercial: 65 - 109' 11""",,,,,,,0,,,,
Lee,,"Class 4 - Pleasure: 65 - 109' 11""",,,,,,,,54,,,,,,"Class 4 - Commercial: 65 - 109' 11""",,,,,,,12,,,,
Leon,,"Class 4 - Pleasure: 65 - 109' 11""",,,,,,,,6,,,,,,"Class 4 - Commercial: 65 - 109' 11""",,,,,,,0,,,,
County,,Class 4 - Pleasure,,,,,,,,Total in Class 4 - Pleasure,,,,,,Class 4 - Commercial,,,,,,,Total in Class 4 - Commercial,,,,
Levy,,"Class 4 - Pleasure: 65 - 109' 11""",,,,,,,,2,,,,,,"Class 4 - Commercial: 65 - 109' 11""",,,,,,,0,,,,
Liberty,,"Class 4 - Pleasure: 65 - 109' 11""",,,,,,,,0,,,,,,"Class 4 - Commercial: 65 - 109' 11""",,,,,,,1,,,,
Madison,,"Class 4 - Pleasure: 65 - 109' 11""",,,,,,,,0,,,,,,"Class 4 - Commercial: 65 - 109' 11""",,,,,,,0,,,,
Manatee,,"Class 4 - Pleasure: 65 - 109' 11""",,,,,,,,43,,,,,,"Class 4 - Commercial: 65 - 109' 11""",,,,,,,5,,,,
Marion,,"Class 4 - Pleasure: 65 - 109' 11""",,,,,,,,4,,,,,,"Class 4 - Commercial: 65 - 109' 11""",,,,,,,0,,,,
Martin,,"Class 4 - Pleasure: 65 - 109' 11""",,,,,,,,80,,,,,,"Class 4 - Commercial: 65 - 109' 11""",,,,,,,4,,,,
Monroe,,"Class 4 - Pleasure: 65 - 109' 11""",,,,,,,,116,,,,,,"Class 4 - Commercial: 65 - 109' 11""",,,,,,,14,,,,
Nassau,,"Class 4 - Pleasure: 65 - 109' 11""",,,,,,,,3,,,,,,"Class 4 - Commercial: 65 - 109' 11""",,,,,,,3,,,,
Okaloosa,,"Class 4 - Pleasure: 65 - 109' 11""",,,,,,,,22,,,,,,"Class 4 - Commercial: 65 - 109' 11""",,,,,,,14,,,,
Okeechoee,,"Class 4 - Pleasure: 65 - 109' 11""",,,,,,,,3,,,,,,"Class 4 - Commercial: 65 - 109' 11""",,,,,,,1,,,,
Orange,,"Class 4 - Pleasure: 65 - 109' 11""",,,,,,,,15,,,,,,"Class 4 - Commercial: 65 - 109' 11""",,,,,,,0,,,,
Osceola,,"Class 4 - Pleasure: 65 - 109' 11""",,,,,,,,1,,,,,,"Class 4 - Commercial: 65 - 109' 11""",,,,,,,0,,,,
Palm Beach,,"Class 4 - Pleasure: 65 - 109' 11""",,,,,,,,165,,,,,,"Class 4 - Commercial: 65 - 109' 11""",,,,,,,9,,,,
Pasco,,"Class 4 - Pleasure: 65 - 109' 11""",,,,,,,,5,,,,,,"Class 4 - Commercial: 65 - 109' 11""",,,,,,,4,,,,
Pinellas,,"Class 4 - Pleasure: 65 - 109' 11""",,,,,,,,69,,,,,,"Class 4 - Commercial: 65 - 109' 11""",,,,,,,12,,,,
Polk,,"Class 4 - Pleasure: 65 - 109' 11""",,,,,,,,8,,,,,,"Class 4 - Commercial: 65 - 109' 11""",,,,,,,1,,,,
Putnam,,"Class 4 - Pleasure: 65 - 109' 11""",,,,,,,,4,,,,,,"Class 4 - Commercial: 65 - 109' 11""",,,,,,,0,,,,
Santa Rosa,,"Class 4 - Pleasure: 65 - 109' 11""",,,,,,,,2,,,,,,"Class 4 - Commercial: 65 - 109' 11""",,,,,,,0,,,,
Sarasota,,"Class 4 - Pleasure: 65 - 109' 11""",,,,,,,,32,,,,,,"Class 4 - Commercial: 65 - 109' 11""",,,,,,,1,,,,
Seminole,,"Class 4 - Pleasure: 65 - 109' 11""",,,,,,,,13,,,,,,"Class 4 - Commercial: 65 - 109' 11""",,,,,,,1,,,,
St. Johns,,"Class 4 - Pleasure: 65 - 109' 11""",,,,,,,,14,,,,,,"Class 4 - Commercial: 65 - 109' 11""",,,,,,,0,,,,
St. Lucie,,"Class 4 - Pleasure: 65 - 109' 11""",,,,,,,,28,,,,,,"Class 4 - Commercial: 65 - 109' 11""",,,,,,,2,,,,
Sumter,,"Class 4 - Pleasure: 65 - 109' 11""",,,,,,,,0,,,,,,"Class 4 - Commercial: 65 - 109' 11""",,,,,,,0,,,,
Suwannee,,"Class 4 - Pleasure: 65 - 109' 11""",,,,,,,,3,,,,,,"Class 4 - Commercial: 65 - 109' 11""",,,,,,,0,,,,
Taylor,,"Class 4 - Pleasure: 65 - 109' 11""",,,,,,,,0,,,,,,"Class 4 - Commercial: 65 - 109' 11""",,,,,,,0,,,,
Union,,"Class 4 - Pleasure: 65 - 109' 11""",,,,,,,,0,,,,,,"Class 4 - Commercial: 65 - 109' 11""",,,,,,,0,,,,
Volusia,,"Class 4 - Pleasure: 65 - 109' 11""",,,,,,,,12,,,,,,"Class 4 - Commercial: 65 - 109' 11""",,,,,,,3,,,,
Wakulla,,"Class 4 - Pleasure: 65 - 109' 11""",,,,,,,,0,,,,,,"Class 4 - Commercial: 65 - 109' 11""",,,,,,,1,,,,
Walton,,"Class 4 - Pleasure: 65 - 109' 11""",,,,,,,,10,,,,,,"Class 4 - Commercial: 65 - 109' 11""",,,,,,,0,,,,
Washington,,"Class 4 - Pleasure: 65 - 109' 11""",,,,,,,,0,,,,,,"Class 4 - Commercial: 65 - 109' 11""",,,,,,,0,,,,
County,,,Class 5 - Pleasure,,,,,,Total in Class 5 - Pleasure,,,,,Class 5 - Commercial,,,,,,,Total in Class 5 - Commercial,,,,,,
Alachua,,,Class 5 - Pleasure: 110' More,,,,,,1,,,,,Class 5 - Commercial: 110' More,,,,,,,0,,,,,,
Baker,,,Class 5 - Pleasure: 110' More,,,,,,0,,,,,Class 5 - Commercial: 110' More,,,,,,,0,,,,,,
Bay,,,Class 5 - Pleasure: 110' More,,,,,,11,,,,,Class 5 - Commercial: 110' More,,,,,,,1,,,,,,
Bradford,,,Class 5 - Pleasure: 110' More,,,,,,0,,,,,Class 5 - Commercial: 110' More,,,,,,,0,,,,,,
Brevard,,,Class 5 - Pleasure: 110' More,,,,,,1,,,,,Class 5 - Commercial: 110' More,,,,,,,1,,,,,,
Broward,,,Class 5 - Pleasure: 110' More,,,,,,29,,,,,Class 5 - Commercial: 110' More,,,,,,,6,,,,,,
Calhoun,,,Class 5 - Pleasure: 110' More,,,,,,0,,,,,Class 5 - Commercial: 110' More,,,,,,,0,,,,,,
Charlotte,,,Class 5 - Pleasure: 110' More,,,,,,1,,,,,Class 5 - Commercial: 110' More,,,,,,,0,,,,,,
Citrus,,,Class 5 - Pleasure: 110' More,,,,,,0,,,,,Class 5 - Commercial: 110' More,,,,,,,0,,,,,,
Clay,,,Class 5 - Pleasure: 110' More,,,,,,11,,,,,Class 5 - Commercial: 110' More,,,,,,,55,,,,,,
Collier,,,Class 5 - Pleasure: 110' More,,,,,,0,,,,,Class 5 - Commercial: 110' More,,,,,,,0,,,,,,
Columbia,,,Class 5 - Pleasure: 110' More,,,,,,0,,,,,Class 5 - Commercial: 110' More,,,,,,,0,,,,,,
Dade,,,Class 5 - Pleasure: 110' More,,,,,,53,,,,,Class 5 - Commercial: 110' More,,,,,,,19,,,,,,
Desoto,,,Class 5 - Pleasure: 110' More,,,,,,0,,,,,Class 5 - Commercial: 110' More,,,,,,,0,,,,,,
DHSMV,,,Class 5 - Pleasure: 110' More,,,,,,3,,,,,Class 5 - Commercial: 110' More,,,,,,,2,,,,,,
Dixie,,,Class 5 - Pleasure: 110' More,,,,,,0,,,,,Class 5 - Commercial: 110' More,,,,,,,0,,,,,,
Duval,,,Class 5 - Pleasure: 110' More,,,,,,7,,,,,Class 5 - Commercial: 110' More,,,,,,,0,,,,,,
Escambia,,,Class 5 - Pleasure: 110' More,,,,,,1,,,,,Class 5 - Commercial: 110' More,,,,,,,0,,,,,,
Flagler,,,Class 5 - Pleasure: 110' More,,,,,,0,,,,,Class 5 - Commercial: 110' More,,,,,,,0,,,,,,
Franklin,,,Class 5 - Pleasure: 110' More,,,,,,0,,,,,Class 5 - Commercial: 110' More,,,,,,,0,,,,,,
Gadsden,,,Class 5 - Pleasure: 110' More,,,,,,0,,,,,Class 5 - Commercial: 110' More,,,,,,,0,,,,,,
Gilchrist,,,Class 5 - Pleasure: 110' More,,,,,,0,,,,,Class 5 - Commercial: 110' More,,,,,,,0,,,,,,
Glades,,,Class 5 - Pleasure: 110' More,,,,,,0,,,,,Class 5 - Commercial: 110' More,,,,,,,0,,,,,,
Gulf,,,Class 5 - Pleasure: 110' More,,,,,,5,,,,,Class 5 - Commercial: 110' More,,,,,,,0,,,,,,
Hamilton,,,Class 5 - Pleasure: 110' More,,,,,,0,,,,,Class 5 - Commercial: 110' More,,,,,,,0,,,,,,
Hardee,,,Class 5 - Pleasure: 110' More,,,,,,0,,,,,Class 5 - Commercial: 110' More,,,,,,,0,,,,,,
Hendry,,,Class 5 - Pleasure: 110' More,,,,,,0,,,,,Class 5 - Commercial: 110' More,,,,,,,1,,,,,,
Hernando,,,Class 5 - Pleasure: 110' More,,,,,,0,,,,,Class 5 - Commercial: 110' More,,,,,,,0,,,,,,
Highlands,,,Class 5 - Pleasure: 110' More,,,,,,0,,,,,Class 5 - Commercial: 110' More,,,,,,,0,,,,,,
Hills,,,Class 5 - Pleasure: 110' More,,,,,,2,,,,,Class 5 - Commercial: 110' More,,,,,,,1,,,,,,
Holmes,,,Class 5 - Pleasure: 110' More,,,,,,0,,,,,Class 5 - Commercial: 110' More,,,,,,,0,,,,,,
Indian River,,,Class 5 - Pleasure: 110' More,,,,,,2,,,,,Class 5 - Commercial: 110' More,,,,,,,0,,,,,,
Jackson,,,Class 5 - Pleasure: 110' More,,,,,,0,,,,,Class 5 - Commercial: 110' More,,,,,,,0,,,,,,
Jefferson,,,Class 5 - Pleasure: 110' More,,,,,,0,,,,,Class 5 - Commercial: 110' More,,,,,,,0,,,,,,
Lafayette,,,Class 5 - Pleasure: 110' More,,,,,,0,,,,,Class 5 - Commercial: 110' More,,,,,,,0,,,,,,
County,,,Class 5 - Pleasure,,,,,,Total in Class 5 - Pleasure,,,,,Class 5 - Commercial,,,,,,,Total in Class 5 - Commercial,,,,,,
Lake,,,Class 5 - Pleasure: 110' More,,,,,,0,,,,,Class 5 - Commercial: 110' More,,,,,,,0,,,,,,
Lee,,,Class 5 - Pleasure: 110' More,,,,,,3,,,,,Class 5 - Commercial: 110' More,,,,,,,3,,,,,,
Leon,,,Class 5 - Pleasure: 110' More,,,,,,1,,,,,Class 5 - Commercial: 110' More,,,,,,,0,,,,,,
Levy,,,Class 5 - Pleasure: 110' More,,,,,,0,,,,,Class 5 - Commercial: 110' More,,,,,,,0,,,,,,
Liberty,,,Class 5 - Pleasure: 110' More,,,,,,0,,,,,Class 5 - Commercial: 110' More,,,,,,,0,,,,,,
Madison,,,Class 5 - Pleasure: 110' More,,,,,,0,,,,,Class 5 - Commercial: 110' More,,,,,,,0,,,,,,
Manatee,,,Class 5 - Pleasure: 110' More,,,,,,0,,,,,Class 5 - Commercial: 110' More,,,,,,,1,,,,,,
Marion,,,Class 5 - Pleasure: 110' More,,,,,,0,,,,,Class 5 - Commercial: 110' More,,,,,,,0,,,,,,
Martin,,,Class 5 - Pleasure: 110' More,,,,,,2,,,,,Class 5 - Commercial: 110' More,,,,,,,0,,,,,,
Monroe,,,Class 5 - Pleasure: 110' More,,,,,,8,,,,,Class 5 - Commercial: 110' More,,,,,,,0,,,,,,
Nassau,,,Class 5 - Pleasure: 110' More,,,,,,3,,,,,Class 5 - Commercial: 110' More,,,,,,,0,,,,,,
Okaloosa,,,Class 5 - Pleasure: 110' More,,,,,,3,,,,,Class 5 - Commercial: 110' More,,,,,,,0,,,,,,
Okeechoee,,,Class 5 - Pleasure: 110' More,,,,,,0,,,,,Class 5 - Commercial: 110' More,,,,,,,0,,,,,,
Orange,,,Class 5 - Pleasure: 110' More,,,,,,4,,,,,Class 5 - Commercial: 110' More,,,,,,,0,,,,,,
Osceola,,,Class 5 - Pleasure: 110' More,,,,,,1,,,,,Class 5 - Commercial: 110' More,,,,,,,0,,,,,,
Palm Beach,,,Class 5 - Pleasure: 110' More,,,,,,18,,,,,Class 5 - Commercial: 110' More,,,,,,,0,,,,,,
Pasco,,,Class 5 - Pleasure: 110' More,,,,,,0,,,,,Class 5 - Commercial: 110' More,,,,,,,2,,,,,,
Pinellas,,,Class 5 - Pleasure: 110' More,,,,,,5,,,,,Class 5 - Commercial: 110' More,,,,,,,0,,,,,,
Polk,,,Class 5 - Pleasure: 110' More,,,,,,0,,,,,Class 5 - Commercial: 110' More,,,,,,,0,,,,,,
Putnam,,,Class 5 - Pleasure: 110' More,,,,,,1,,,,,Class 5 - Commercial: 110' More,,,,,,,0,,,,,,
Santa Rosa,,,Class 5 - Pleasure: 110' More,,,,,,2,,,,,Class 5 - Commercial: 110' More,,,,,,,0,,,,,,
Sarasota,,,Class 5 - Pleasure: 110' More,,,,,,2,,,,,Class 5 - Commercial: 110' More,,,,,,,0,,,,,,
Seminole,,,Class 5 - Pleasure: 110' More,,,,,,0,,,,,Class 5 - Commercial: 110' More,,,,,,,0,,,,,,
St. Johns,,,Class 5 - Pleasure: 110' More,,,,,,0,,,,,Class 5 - Commercial: 110' More,,,,,,,0,,,,,,
St. Lucie,,,Class 5 - Pleasure: 110' More,,,,,,0,,,,,Class 5 - Commercial: 110' More,,,,,,,0,,,,,,
Sumter,,,Class 5 - Pleasure: 110' More,,,,,,0,,,,,Class 5 - Commercial: 110' More,,,,,,,0,,,,,,
Suwannee,,,Class 5 - Pleasure: 110' More,,,,,,0,,,,,Class 5 - Commercial: 110' More,,,,,,,0,,,,,,
Taylor,,,Class 5 - Pleasure: 110' More,,,,,,0,,,,,Class 5 - Commercial: 110' More,,,,,,,0,,,,,,
Union,,,Class 5 - Pleasure: 110' More,,,,,,0,,,,,Class 5 - Commercial: 110' More,,,,,,,0,,,,,,
Volusia,,,Class 5 - Pleasure: 110' More,,,,,,1,,,,,Class 5 - Commercial: 110' More,,,,,,,1,,,,,,
Wakulla,,,Class 5 - Pleasure: 110' More,,,,,,0,,,,,Class 5 - Commercial: 110' More,,,,,,,0,,,,,,
Walton,,,Class 5 - Pleasure: 110' More,,,,,,0,,,,,Class 5 - Commercial: 110' More,,,,,,,0,,,,,,
Washington,,,Class 5 - Pleasure: 110' More,,,,,,0,,,,,Class 5 - Commercial: 110' More,,,,,,,0,,,,,,
County,,,Canoes - Pleasure,,,Total in Class Canoes - Pleasure,,,,,,Canoes - Commercial,,,,,Total in Class Canoes - Commercial,,,,,,,,,,
Alachua,,,Canoes - Pleasure,,,235,,,,,,Canoes - Commercial,,,,,2,,,,,,,,,,
Baker,,,Canoes - Pleasure,,,28,,,,,,Canoes - Commercial,,,,,0,,,,,,,,,,
Bay,,,Canoes - Pleasure,,,127,,,,,,Canoes - Commercial,,,,,0,,,,,,,,,,
Bradford,,,Canoes - Pleasure,,,32,,,,,,Canoes - Commercial,,,,,0,,,,,,,,,,
Brevard,,,Canoes - Pleasure,,,629,,,,,,Canoes - Commercial,,,,,4,,,,,,,,,,
Broward,,,Canoes - Pleasure,,,278,,,,,,Canoes - Commercial,,,,,0,,,,,,,,,,
Calhoun,,,Canoes - Pleasure,,,11,,,,,,Canoes - Commercial,,,,,0,,,,,,,,,,
Charlotte,,,Canoes - Pleasure,,,202,,,,,,Canoes - Commercial,,,,,1,,,,,,,,,,
Citrus,,,Canoes - Pleasure,,,240,,,,,,Canoes - Commercial,,,,,5,,,,,,,,,,
Clay,,,Canoes - Pleasure,,,123,,,,,,Canoes - Commercial,,,,,0,,,,,,,,,,
Collier,,,Canoes - Pleasure,,,275,,,,,,Canoes - Commercial,,,,,4,,,,,,,,,,
Columbia,,,Canoes - Pleasure,,,62,,,,,,Canoes - Commercial,,,,,0,,,,,,,,,,
Dade,,,Canoes - Pleasure,,,332,,,,,,Canoes - Commercial,,,,,1,,,,,,,,,,
Desoto,,,Canoes - Pleasure,,,38,,,,,,Canoes - Commercial,,,,,0,,,,,,,,,,
DHSMV,,,Canoes - Pleasure,,,15,,,,,,Canoes - Commercial,,,,,43,,,,,,,,,,
Dixie,,,Canoes - Pleasure,,,21,,,,,,Canoes - Commercial,,,,,0,,,,,,,,,,
Duval,,,Canoes - Pleasure,,,325,,,,,,Canoes - Commercial,,,,,0,,,,,,,,,,
Escambia,,,Canoes - Pleasure,,,92,,,,,,Canoes - Commercial,,,,,0,,,,,,,,,,
Flagler,,,Canoes - Pleasure,,,71,,,,,,Canoes - Commercial,,,,,0,,,,,,,,,,
Franklin,,,Canoes - Pleasure,,,10,,,,,,Canoes - Commercial,,,,,0,,,,,,,,,,
Gadsden,,,Canoes - Pleasure,,,19,,,,,,Canoes - Commercial,,,,,0,,,,,,,,,,
Gilchrist,,,Canoes - Pleasure,,,32,,,,,,Canoes - Commercial,,,,,0,,,,,,,,,,
Glades,,,Canoes - Pleasure,,,15,,,,,,Canoes - Commercial,,,,,0,,,,,,,,,,
Gulf,,,Canoes - Pleasure,,,7,,,,,,Canoes - Commercial,,,,,0,,,,,,,,,,
Hamilton,,,Canoes - Pleasure,,,8,,,,,,Canoes - Commercial,,,,,0,,,,,,,,,,
Hardee,,,Canoes - Pleasure,,,36,,,,,,Canoes - Commercial,,,,,0,,,,,,,,,,
Hendry,,,Canoes - Pleasure,,,35,,,,,,Canoes - Commercial,,,,,0,,,,,,,,,,
Hernando,,,Canoes - Pleasure,,,264,,,,,,Canoes - Commercial,,,,,1,,,,,,,,,,
Highlands,,,Canoes - Pleasure,,,74,,,,,,Canoes - Commercial,,,,,1,,,,,,,,,,
Hills,,,Canoes - Pleasure,,,653,,,,,,Canoes - Commercial,,,,,6,,,,,,,,,,
Holmes,,,Canoes - Pleasure,,,13,,,,,,Canoes - Commercial,,,,,0,,,,,,,,,,
Indian River,,,Canoes - Pleasure,,,159,,,,,,Canoes - Commercial,,,,,1,,,,,,,,,,
Jackson,,,Canoes - Pleasure,,,25,,,,,,Canoes - Commercial,,,,,0,,,,,,,,,,
Jefferson,,,Canoes - Pleasure,,,27,,,,,,Canoes - Commercial,,,,,0,,,,,,,,,,
Lafayette,,,Canoes - Pleasure,,,13,,,,,,Canoes - Commercial,,,,,0,,,,,,,,,,
County,,,Canoes - Pleasure,,,Total in Class Canoes - Pleasure,,,,,,Canoes - Commercial,,,,,Total in Class Canoes - Commercial,,,,,,,,,,
Lake,,,Canoes - Pleasure,,,194,,,,,,Canoes - Commercial,,,,,0,,,,,,,,,,
Lee,,,Canoes - Pleasure,,,525,,,,,,Canoes - Commercial,,,,,2,,,,,,,,,,
Leon,,,Canoes - Pleasure,,,160,,,,,,Canoes - Commercial,,,,,0,,,,,,,,,,
Levy,,,Canoes - Pleasure,,,80,,,,,,Canoes - Commercial,,,,,2,,,,,,,,,,
Liberty,,,Canoes - Pleasure,,,4,,,,,,Canoes - Commercial,,,,,0,,,,,,,,,,
Madison,,,Canoes - Pleasure,,,10,,,,,,Canoes - Commercial,,,,,0,,,,,,,,,,
Manatee,,,Canoes - Pleasure,,,242,,,,,,Canoes - Commercial,,,,,6,,,,,,,,,,
Marion,,,Canoes - Pleasure,,,294,,,,,,Canoes - Commercial,,,,,0,,,,,,,,,,
Martin,,,Canoes - Pleasure,,,93,,,,,,Canoes - Commercial,,,,,1,,,,,,,,,,
Monroe,,,Canoes - Pleasure,,,92,,,,,,Canoes - Commercial,,,,,3,,,,,,,,,,
Nassau,,,Canoes - Pleasure,,,68,,,,,,Canoes - Commercial,,,,,0,,,,,,,,,,
Okaloosa,,,Canoes - Pleasure,,,73,,,,,,Canoes - Commercial,,,,,1,,,,,,,,,,
Okeechoee,,,Canoes - Pleasure,,,25,,,,,,Canoes - Commercial,,,,,0,,,,,,,,,,
Orange,,,Canoes - Pleasure,,,293,,,,,,Canoes - Commercial,,,,,2,,,,,,,,,,
Osceola,,,Canoes - Pleasure,,,65,,,,,,Canoes - Commercial,,,,,0,,,,,,,,,,
Palm Beach,,,Canoes - Pleasure,,,238,,,,,,Canoes - Commercial,,,,,0,,,,,,,,,,
Pasco,,,Canoes - Pleasure,,,525,,,,,,Canoes - Commercial,,,,,2,,,,,,,,,,
Pinellas,,,Canoes - Pleasure,,,849,,,,,,Canoes - Commercial,,,,,10,,,,,,,,,,
Polk,,,Canoes - Pleasure,,,294,,,,,,Canoes - Commercial,,,,,0,,,,,,,,,,
Putnam,,,Canoes - Pleasure,,,57,,,,,,Canoes - Commercial,,,,,0,,,,,,,,,,
Santa Rosa,,,Canoes - Pleasure,,,73,,,,,,Canoes - Commercial,,,,,0,,,,,,,,,,
Sarasota,,,Canoes - Pleasure,,,276,,,,,,Canoes - Commercial,,,,,0,,,,,,,,,,
Seminole,,,Canoes - Pleasure,,,316,,,,,,Canoes - Commercial,,,,,1,,,,,,,,,,
St. Johns,,,Canoes - Pleasure,,,200,,,,,,Canoes - Commercial,,,,,2,,,,,,,,,,
St. Lucie,,,Canoes - Pleasure,,,112,,,,,,Canoes - Commercial,,,,,0,,,,,,,,,,
Sumter,,,Canoes - Pleasure,,,71,,,,,,Canoes - Commercial,,,,,2,,,,,,,,,,
Suwannee,,,Canoes - Pleasure,,,44,,,,,,Canoes - Commercial,,,,,1,,,,,,,,,,
Taylor,,,Canoes - Pleasure,,,10,,,,,,Canoes - Commercial,,,,,0,,,,,,,,,,
Union,,,Canoes - Pleasure,,,19,,,,,,Canoes - Commercial,,,,,0,,,,,,,,,,
Volusia,,,Canoes - Pleasure,,,398,,,,,,Canoes - Commercial,,,,,0,,,,,,,,,,
Wakulla,,,Canoes - Pleasure,,,49,,,,,,Canoes - Commercial,,,,,0,,,,,,,,,,
Walton,,,Canoes - Pleasure,,,49,,,,,,Canoes - Commercial,,,,,0,,,,,,,,,,
Washington,,,Canoes - Pleasure,,,18,,,,,,Canoes - Commercial,,,,,0,,,,,,,,,,
County,Vessel Type - Dealer,,,Total Dealers in County,Vessel Type - Pleasure,,,,,,Total Pleasure Vessels in County,,,,Vessel Type - Commercial,,,Total Commercial Vessels in County,,,Overall Total,,,Total Vessels in County,,,
Alachua,Dealer,,,27,Pleasure,,,,,,"11,219",,,,Commercial,,,222,,,TOTAL,,,"11,468",,,
Baker,Dealer,,,2,Pleasure,,,,,,"2,954",,,,Commercial,,,11,,,TOTAL,,,"2,967",,,
Bay,Dealer,,,125,Pleasure,,,,,,"15,660",,,,Commercial,,,630,,,TOTAL,,,"16,415",,,
Bradford,Dealer,,,7,Pleasure,,,,,,"2,437",,,,Commercial,,,18,,,TOTAL,,,"2,462",,,
Brevard,Dealer,,,416,Pleasure,,,,,,"33,524",,,,Commercial,,,749,,,TOTAL,,,"34,689",,,
Broward,Dealer,,,557,Pleasure,,,,,,"46,474",,,,Commercial,,,987,,,TOTAL,,,"48,018",,,
Calhoun,Dealer,,,0,Pleasure,,,,,,"1,655",,,,Commercial,,,23,,,TOTAL,,,"1,678",,,
Charlotte,Dealer,,,60,Pleasure,,,,,,"22,976",,,,Commercial,,,506,,,TOTAL,,,"23,542",,,
Citrus,Dealer,,,60,Pleasure,,,,,,"16,667",,,,Commercial,,,617,,,TOTAL,,,"17,344",,,
Clay,Dealer,,,32,Pleasure,,,,,,"13,417",,,,Commercial,,,177,,,TOTAL,,,"13,626",,,
Collier,Dealer,,,107,Pleasure,,,,,,"22,121",,,,Commercial,,,830,,,TOTAL,,,"23,058",,,
Columbia,Dealer,,,10,Pleasure,,,,,,"4,464",,,,Commercial,,,36,,,TOTAL,,,"4,510",,,
Dade,Dealer,,,901,Pleasure,,,,,,"67,991",,,,Commercial,,,"1,912",,,TOTAL,,,"70,804",,,
Desoto,Dealer,,,2,Pleasure,,,,,,"2,275",,,,Commercial,,,81,,,TOTAL,,,"2,358",,,
DHSMV,Dealer,,,1,Pleasure,,,,,,"2,828",,,,Commercial,,,"1,470",,,TOTAL,,,"4,299",,,
Dixie,Dealer,,,11,Pleasure,,,,,,"2,389",,,,Commercial,,,237,,,TOTAL,,,"2,637",,,
Duval,Dealer,,,75,Pleasure,,,,,,"25,977",,,,Commercial,,,572,,,TOTAL,,,"26,624",,,
Escambia,Dealer,,,76,Pleasure,,,,,,"16,382",,,,Commercial,,,287,,,TOTAL,,,"16,745",,,
Flagler,Dealer,,,10,Pleasure,,,,,,"6,080",,,,Commercial,,,75,,,TOTAL,,,"6,165",,,
Franklin,Dealer,,,1,Pleasure,,,,,,"2,415",,,,Commercial,,,624,,,TOTAL,,,"3,040",,,
Gadsden,Dealer,,,4,Pleasure,,,,,,"2,426",,,,Commercial,,,21,,,TOTAL,,,"2,451",,,
Gilchrist,Dealer,,,1,Pleasure,,,,,,"2,006",,,,Commercial,,,24,,,TOTAL,,,"2,031",,,
Glades,Dealer,,,2,Pleasure,,,,,,"1,251",,,,Commercial,,,33,,,TOTAL,,,"1,286",,,
Gulf,Dealer,,,0,Pleasure,,,,,,"2,793",,,,Commercial,,,249,,,TOTAL,,,"3,042",,,
Hamilton,Dealer,,,0,Pleasure,,,,,,928,,,,Commercial,,,6,,,TOTAL,,,934,,,
Hardee,Dealer,,,0,Pleasure,,,,,,"1,670",,,,Commercial,,,16,,,TOTAL,,,"1,686",,,
Hendry,Dealer,,,23,Pleasure,,,,,,"3,335",,,,Commercial,,,102,,,TOTAL,,,"3,460",,,
Hernando,Dealer,,,16,Pleasure,,,,,,"10,485",,,,Commercial,,,182,,,TOTAL,,,"10,683",,,
Highlands,Dealer,,,32,Pleasure,,,,,,"9,326",,,,Commercial,,,59,,,TOTAL,,,"9,417",,,
Hills,Dealer,,,68,Pleasure,,,,,,"40,009",,,,Commercial,,,699,,,TOTAL,,,"40,776",,,
Holmes,Dealer,,,4,Pleasure,,,,,,"2,199",,,,Commercial,,,17,,,TOTAL,,,"2,220",,,
Indian River,Dealer,,,53,Pleasure,,,,,,"10,890",,,,Commercial,,,337,,,TOTAL,,,"11,280",,,
Jackson,Dealer,,,0,Pleasure,,,,,,"4,265",,,,Commercial,,,24,,,TOTAL,,,"4,289",,,
Jefferson,Dealer,,,4,Pleasure,,,,,,"1,730",,,,Commercial,,,15,,,TOTAL,,,"1,749",,,
Lafayette,Dealer,,,0,Pleasure,,,,,,955,,,,Commercial,,,15,,,TOTAL,,,970,,,
Lake,Dealer,,,83,Pleasure,,,,,,"22,440",,,,Commercial,,,174,,,TOTAL,,,"22,697",,,
Lee,Dealer,,,244,Pleasure,,,,,,"48,276",,,,Commercial,,,"1,091",,,TOTAL,,,"49,611",,,
Leon,Dealer,,,4,Pleasure,,,,,,"11,488",,,,Commercial,,,136,,,TOTAL,,,"11,628",,,
Levy,Dealer,,,37,Pleasure,,,,,,"4,401",,,,Commercial,,,329,,,TOTAL,,,"4,767",,,
Liberty,Dealer,,,0,Pleasure,,,,,,"1,299",,,,Commercial,,,18,,,TOTAL,,,"1,317",,,
Madison,Dealer,,,1,Pleasure,,,,,,"1,213",,,,Commercial,,,3,,,TOTAL,,,"1,217",,,
Manatee,Dealer,,,146,Pleasure,,,,,,"20,408",,,,Commercial,,,686,,,TOTAL,,,"21,240",,,
Marion,Dealer,,,52,Pleasure,,,,,,"20,587",,,,Commercial,,,168,,,TOTAL,,,"20,807",,,
Martin,Dealer,,,218,Pleasure,,,,,,"17,104",,,,Commercial,,,543,,,TOTAL,,,"17,865",,,
Monroe,Dealer,,,173,Pleasure,,,,,,"25,991",,,,Commercial,,,"2,731",,,TOTAL,,,"28,895",,,
Nassau,Dealer,,,11,Pleasure,,,,,,"6,819",,,,Commercial,,,142,,,TOTAL,,,"6,972",,,
Okaloosa,Dealer,,,148,Pleasure,,,,,,"19,080",,,,Commercial,,,493,,,TOTAL,,,"19,721",,,
Okeechoee,Dealer,,,2,Pleasure,,,,,,"5,009",,,,Commercial,,,141,,,TOTAL,,,"5,152",,,
Orange,Dealer,,,155,Pleasure,,,,,,"33,872",,,,Commercial,,,356,,,TOTAL,,,"34,383",,,
Osceola,Dealer,,,8,Pleasure,,,,,,"8,611",,,,Commercial,,,107,,,TOTAL,,,"8,726",,,
Palm Beach,Dealer,,,185,Pleasure,,,,,,"36,161",,,,Commercial,,,976,,,TOTAL,,,"37,322",,,
County,Vessel Type - Dealer,,,Total Dealers in County,Vessel Type - Pleasure,,,,,,Total Pleasure Vessels in County,,,,Vessel Type - Commercial,,,Total Commercial Vessels in County,,,Overall Total,,,Total Vessels in County,,,
Pasco,Dealer,,,79,Pleasure,,,,,,"26,951",,,,Commercial,,,477,,,TOTAL,,,"27,507",,,
Pinellas,Dealer,,,463,Pleasure,,,,,,"51,506",,,,Commercial,,,"1,092",,,TOTAL,,,"53,061",,,
Polk,Dealer,,,45,Pleasure,,,,,,"29,709",,,,Commercial,,,421,,,TOTAL,,,"30,175",,,
Putnam,Dealer,,,30,Pleasure,,,,,,"7,769",,,,Commercial,,,218,,,TOTAL,,,"8,017",,,
Santa Rosa,Dealer,,,19,Pleasure,,,,,,"15,815",,,,Commercial,,,231,,,TOTAL,,,"16,065",,,
Sarasota,Dealer,,,192,Pleasure,,,,,,"22,364",,,,Commercial,,,339,,,TOTAL,,,"22,895",,,
Seminole,Dealer,,,75,Pleasure,,,,,,"17,703",,,,Commercial,,,170,,,TOTAL,,,"17,948",,,
St. Johns,Dealer,,,74,Pleasure,,,,,,"15,603",,,,Commercial,,,447,,,TOTAL,,,"16,124",,,
St. Lucie,Dealer,,,71,Pleasure,,,,,,"13,558",,,,Commercial,,,476,,,TOTAL,,,"14,105",,,
Sumter,Dealer,,,10,Pleasure,,,,,,"4,652",,,,Commercial,,,53,,,TOTAL,,,"4,715",,,
Suwannee,Dealer,,,0,Pleasure,,,,,,"3,055",,,,Commercial,,,30,,,TOTAL,,,"3,085",,,
Taylor,Dealer,,,13,Pleasure,,,,,,"3,629",,,,Commercial,,,124,,,TOTAL,,,"3,766",,,
Union,Dealer,,,0,Pleasure,,,,,,"1,018",,,,Commercial,,,12,,,TOTAL,,,"1,030",,,
Volusia,Dealer,,,199,Pleasure,,,,,,"29,290",,,,Commercial,,,660,,,TOTAL,,,"30,149",,,
Wakulla,Dealer,,,6,Pleasure,,,,,,"5,287",,,,Commercial,,,306,,,TOTAL,,,"5,599",,,
Walton,Dealer,,,15,Pleasure,,,,,,"6,615",,,,Commercial,,,154,,,TOTAL,,,"6,784",,,
Washington,Dealer,,,0,Pleasure,,,,,,"2,915",,,,Commercial,,,22,,,TOTAL,,,"2,937",,,